Company Name,Company Description,Sales Markets,Primary Business Activity,Categories,Events,Address,Email,Telephone,Website,Profile URL,Company ID
Arla Foods Ingredients,"Together we discover and deliver powerful nutrition for a stronger tomorrow Arla Foods Ingredients is a global leader in improving premium nutrition. Together with our customers, research partners, suppliers, NGOs and others, we discover and deliver ingredients and products that can advance lifelong nutrition for the benefit of consumers around the world. A passion for progress, combined with specialist knowledge of food products and production technology, and a strong commitment to sustainability, enables us to serve leading global brands in early life nutrition, medical nutrition, sports nutrition, health foods, and other foods and beverages. Arla Foods Ingredients is a 100% owned subsidiary of the dairy company Arla Foods.",Africa; Asia; Australia; Central/South America; Eastern Europe; Middle East; North America; Western Europe,Manufacturer: Ingredients / Additives,"Dairy, Functional beverages, Functional food",Fi Europe 2026; Book a meeting; See our Exhibitor Profile; See full Exhibitor List; Vitafoods Europe 2027,"Sønderhøj 10-12, 8260 J, Viby, Denmark",ingredients@arlafoods.com,+45 89 38 10 00,https://www.arlafoodsingredients.com,https://www.ingredientsnetwork.com/arla-foods-ingredients-comp248870.html,248870
Dcc Health & Beauty Solutions,"HBI Health & Beauty Innovations manufactures and supplies nutritional, cosmetic, health and pharmaceutical products to world-leading health and beauty companies. With over 3,000 customers and more than 2,600 experts working across eight facilities, HBI Health & Beauty Innovations is customer-focused with a true partnership approach. Our goal is to create products specifically developed to suit your requirements. HBI Health & Beauty Innovations values partnership, excellence, integrity and safety, and works in close and confidential partnership with all brands and suppliers. We build strong lasting relationships which transform great ideas into ground-breaking products. What Does HBI Health & Beauty Innovations Do? Working with many global market-leading brands and businesses, HBI Health & Beauty Innovations has likely manufactured or packaged products you see every day in the pharmacy or your own bathroom cabinet. Our expert team believes in more than simply making a product, HBI Health & Beauty Innovations is invested in our clients’ success and focus on stability, claims, presentation and product reach. HBI Health and Beauty supports and guides nutrition and beauty brands, specialist retailers, direct sales companies and consumer healthcare companies. Growing Through Acquisition What makes HBI Health & Beauty Innovations unique is that our business is continually growing organically with investments in the existing business and through strategic acquisitions. HBI Health & Beauty Innovations is always looking for ways to grow our business, whether that’s working with new clients or expanding our manufacturing capabilities in new locations and adjacent sectors.",Africa; Asia; Australia; Central/South America; Eastern Europe; Middle East; North America; Western Europe,Contract Manufacturer,"Other Algae, Other Amino acids, Other Antioxidants",,"9-11 Hardwick Road, Astmoor Industrial Estate, WA7 1PH, Runcorn, Cheshire, United Kingdom",enquires@hbidcc.com,+44(0)1928 573734,https://www.hbidcc.com,https://www.ingredientsnetwork.com/dcc-health-beauty-solutions-comp307424.html,307424
1Q Health GMBH,"1Q Health Fast Track to Quality From a product idea to the shelf - We bring your pharmaceutical product or food supplement to life with our full-service contract manufacturing solutions. We work closely with our customers to develop high-quality, innovative products for both human and veterinary use and launch them quickly onto the market. Several individual companies are united under the umbrella of the 1Q Health Group. These include the contract manufacturing companies ABJ alive GmbH, DRONANIA pharmaceuticals GmbH , HKS health solutions GmbH Austria , the medicinal mushroom raw materials offering Mycotrition GmbH and the contract-based research organization (CRO) VivaCell Biotechnlogogy GmbH . The combination of these unique competencies allows us to offer a wide range of services from product development to production and market launch. Our products and services What sets us apart is the full-service model we offer our customers. Alongside comprehensive production and logistics services, we also support clients with studies for testing and developing the right formulations for their products. Our customers have more time to focus on branding and marketing. But we can also help them with that. As a digital-driven CDMO, we’ll apply customized brand building and digital strategies to help clients build lasting success in the marketplace. We don’t just make products, we create brands. Talking about brands: With our white label products and private label solutions companies can easily expand their existing product portfolio and aspiring entrepreneurs can get their new supplement brands off the ground fast and without big investments. We write quality with a capital letter High quality is the backbone of our operations. We invest in rigorous quality management in all our facilities in all product phases and only work with certified and authorized suppliers to ensure that our customers get the best and safest products possible. Our production facilities are reguarly audited by third parties and GMP, IFS, organic, HACCP, ISO and FSSC 22000 certified, as required. Innovating and optimizing for the future High quality standards, innovative technologies and a clear focus on the future ensure the continued success and growth of the whole 1Q Health Group. We continually invest in new product development, production process optimization and technologies to support our clients build strong brands in the international marketplace. 1Q Health – Your non-stockout address for contract manufacturing in Europe, for the global market. Learn more about 1Q Health and our product portfolio.",Asia; Eastern Europe; Western Europe,Contract Manufacturer,"Other Herbs, Dietary supplements, Contract manufacturing",Vitafoods Europe 2027; Book a meeting; See our Exhibitor Profile; See full Exhibitor List,"Gewerbestraße 8, 82064, Strasslach, Germany",info@1qhealth.com,,https://1qhealth.com,https://www.ingredientsnetwork.com/1q-health-gmbh-comp319830.html,319830
"Hangzhou VIGO Biotech Co., Ltd.","VIGO Nutrition is your valuable supplier for natural and functional ingredients of dietary supplements, sport nutrition, pharmaceuticals, cosmetics etc. including the plant extracts, vitamins, amino acids and other specialties. We are working with qualified and reliable suppliers specializing in R&D and manufacturing nutraceuticals and pharmaceutical ingredients globally, we strictly control our products quality through our qualified partners and third party testing reports.",,,"Other Amino acids, Other Vitamins",Fi Europe 2026; Book a meeting; See our Exhibitor Profile; See full Exhibitor List; Vitafoods Europe 2027,"Room 2604, building 12, hangbaicheng Linping street, Linping District,, 310000, Hangzhou, China",,,https://exhibitors.figlobal.com/fie26/,https://www.ingredientsnetwork.com/hangzhou-vigo-biotech-co-ltd-comp309628.html,309628
ELCHAIS SAS,"Since 1958 Elchais has produced and supplied dehydrated vegetables, herbs and fruits to large multinationals companies as well as medium and small size companies. The company products are shipped to several countries globally including all EU countries, North America (USA, Canada, Mexico), MEA, and Asia. Elchais operates 2 production sites one in France and the other in Netherlands. All finished products are produced from Non-GMO raw materials and company is Sustainable certified. The available dehydration technologies are air drying, freeze drying and Vacu Puff® a patented puffing process exclusive to Elchais. The process is fully controlled from farm to fork starting with Elchais Agro Department at farms to finished products ready to ship from the production sites. The company, with its broad and deep dehydration technology expertise, produces and offers the widest range of dehydrated products under one umbrella. Further, the company has network of global Elchais Partner Suppliers for supply of other dehydrated products and raw materials which complements the in-house capabilities. Additionally, beyond standard products in the portfolio company provides it is technological knowhow and expertise to create and develop new exclusive bespoke products with customers as required. Customer relationships, Food Security & Quality and technological leadership are the primary cornerstones and foundation of Elchais.",,,"Other Herbs, Other Vegetables, Fruits & Vegetables",Fi Europe 2026; Book a meeting; See our Exhibitor Profile; See full Exhibitor List,"28 rue de Reims, 02350, MARCHAIS, France",chrystel.tetar@elchais.com,0323223578,https://exhibitors.figlobal.com/fie26/,https://www.ingredientsnetwork.com/elchais-sas-comp323008.html,323008
Ingredients4u PTE LTD,"Founded in 2019, Ingredients4U offers an unrivalled directory of products, sourced from world-class ingredient brands and companies across the globe. Our client base spans food, supplements, pharmaceutical grade products, cosmetic ingredients and much more. Customers can source ingredients as long as they have access to the internet, at any time, anywhere in the world. BUT, we are much more than that. With more than 20 years of related experience, our team is able to provide our suppliers with the supply chain expertise, finance support, as well as marketing capabilities. Ingredients4U has always been more than an E-commerce platform. Not only does it bring together all the nutraceutical industry in one place, allowing customers to have access to a wide range of ingredients at the touch of a button, it also helps integrate the industry in a transparent, efficient, and effective model, to the benefit of suppliers and customers.",,,"Nutrition ingredient mixture, Dietary supplements",,"50 Macpherson Road #07-01 Amazana Building, 348471, SIngapore, Singapore",sue.jin@ingredients4u.com,+33783438297,https://exhibitors.vitafoods.eu.com/vfe25/,https://www.ingredientsnetwork.com/ingredients4u-pte-ltd-comp306118.html,306118
VIVATIS Pharma,"Vivatis – helping our partners succeed in the API, intermediates, nutraceuticals and functional food sectors. Vivatis is an independent full-service provider for manufacturers, marketing authorisation holders, distributors and brand owners in the areas of pharmaceuticals (generics and product synthesis), cosmetics, nutraceuticals, food (including luxury and functional food), sports nutrition and detergent sectors. Our staff is committed to the Vivatis motto ""From Molecules to Finished Products"". This principle is reflected in the broadness of our portfolio, which includes identifying and qualifying sources of innovative ingredients right around the world (though primarily in the Asian market) and supplying active pharmaceutical ingredients (APIs), intermediates, finished formulations, nutraceutical ingredients, flavours, fragrances and food additives. Vivatis also offers a wide range of standard packaging solutions for pharmaceutical and cosmetics manufacturers, including dispensers and spray pumps, as well as custom solutions. There’s increasing demand, especially from chemicals companies, not just for starting materials but also advanced intermediates. Vivatis is able to integrate closely with clients’ value chains and supply pharmaceutical products at any stage of production. The same applies to the nutraceuticals sector, a market where companies are constantly looking for new product strategies. Vivatis offers everything that nutraceutical and functional food manufacturers and brand owners need, from product ideas to identifying new ingredients to qualifying suppliers to providing finished private-label products. Flavours, fragrances and additives are needed for the manufacture of many products, and this is reflected in the broad range of the department serving this sector. Vivatis owes its success in large part to the global supplier network that it has built up, which allows our clients to reliably procure products in the necessary quality and quantity and at fair conditions. Our employees work in a fast, transparent way, with expert industry knowledge and a focus on cost efficiency. Clients of all Vivatis divisions will enjoy a truly exceptional level of service and a strong, trusting partnership. Our clients range in size from small specialist manufacturers to mid-sized businesses to large corporations, some of who work with Vivatis to implement second-source strategies.",,,"Other Flavourings, Functional food",Vitafoods Europe 2027; Book a meeting; See our Exhibitor Profile; See full Exhibitor List,"Grüner Deich 1-3, 20097, Hamburg, Germany",,,https://vivatis.de/,https://www.ingredientsnetwork.com/vivatis-pharma-comp307629.html,307629
Freemen Nutra Group,"At Freemen Nutra, we empower our people and customers to become more successful by providing high quality nutritional ingredients and solutions. Freemen Nutra is committed to helping our clients in the food and beverage, dietary supplement, personal care and animal nutrition markets bring their innovative ideas to life as a leading raw ingredients distribution company. Our exceptional, ethically-sourced ingredients provide the solutions your brand needs to enhance its products’ performance, taste and nutritional benefits. What We Believe Although we are a modern, global company, we still operate on authentic, time-honored values. Freemen Nutra is built upon: Intelligence: Hands down, we are the experts in the global nutrition market. Our world headquarters in Shanghai allows us to act quickly to give you cutting-edge market intel at a moment’s notice. Integrity: We act purposefully and with integrity to build trusting, close partnerships with all of our customers and suppliers. Transparency: From ingredient formulation to product delivery at your doorstep, our ethically-sourced supply chain is entirely transparent. You know exactly what you’re getting, every step of the way. Customer Service: Each of our customers is assigned a dedicated customer service representative to give you in-depth support whenever you need it. Quality: We hold ourselves accountable for distributing only the highest quality nutritional products. Our Quality Assurance and Quality Control are best-in-class.",,,"Nutrition ingredient mixture, Dietary supplements, Pet Dietary Supplements",Fi Europe 2026; Book a meeting; See our Exhibitor Profile; See full Exhibitor List; Vitafoods Europe 2027,"Lange Kleiweg 52H, 2288GK, Rijswijk, Netherlands",,+31-85-4854488,https://www.shanghaifreemen.com,https://www.ingredientsnetwork.com/freemen-nutra-group-comp318541.html,318541
SACMAR,"Founded in Milan in 1947, SACMAR is an independent Italian company specialising in flavours, food solutions, essential oils, botanical extracts and aromatic raw materials. Nearly 80 years of experience, combined with research, application expertise and flexible industrial production, enable SACMAR to support food and beverage manufacturers in turning ideas, ingredients and sensory objectives into reliable, market-ready products. In 2021, the acquisition of SELVANIA — an Italian company specialising in creams and technological solutions for the food industry — marked an important step in SACMAR’s development. The integration brought together complementary expertise, production capabilities and product portfolios under a single organisation. Today, SACMAR operates according to a One Company vision: one partner providing integrated expertise in flavours, food solutions and aromatic raw materials. This approach creates synergies across research, formulation, application testing and industrial production, while giving customers access to a broader and more coordinated range of solutions. The flavour portfolio includes liquid and powder solutions, water- and fat-soluble flavours, natural profiles, taste modulators, concentrated flavour building blocks and tailor-made developments. These solutions are designed for applications including bakery, confectionery, dairy and desserts, beverages, nutraceuticals and oral care. The food solutions portfolio includes filling creams, emulsifiers, whipping agents, release agents, glazing and gilding products, colouring and characterising pastes, as well as functional vegan, sugar-free and egg-free systems. The offering is completed by selected essential oils, botanical extracts and aromatic raw materials sourced through a qualified international supply network. Customers are supported throughout the development process with co-development, benchmark adaptation, reverse engineering, application testing, analytical control, regulatory assistance and contract manufacturing. Around 30% of the SACMAR team is dedicated to technical activities, ensuring responsive, flexible and application-focused support. With two production sites, a production area of 7,350 m², more than 190 suppliers worldwide and over 4,000 tonnes of annual production, SACMAR combines the responsiveness of a privately owned company with solid industrial capabilities and an international outlook. Operations follow FSSC 22000 standards, while certified products—including Kosher, Halal, Organic, Rainforest Alliance and Fairtrade options—are available upon request. Through its One Company model, SACMAR offers a single point of contact for the development and production of integrated flavour and food solutions, combining Italian know-how, technical flexibility and industrial reliability. SACMAR – Delivering Taste Performance. www.sacmar.it",Africa; Asia; Eastern Europe; Middle East; North America; Western Europe,Manufacturer: Ingredients / Additives,"Botanicals, Colours, Emulsifiers, Stabilisers, Thickeners",Fi Europe 2026; Book a meeting; See our Exhibitor Profile; See full Exhibitor List,"via giovanni Keplero 7, 20019, settimo milanese, MI, Italy",sales@sacmar.it,+39023355521,https://www.sacmar.it,https://www.ingredientsnetwork.com/sacmar-comp291267.html,291267
Brenntag Holding GmbH,"Brenntag Nutrition: Nourishing Innovation, Technology and Quality Welcome to Brenntag Nutrition – your trusted partner in the dynamic world of food, health, and nutritional ingredients. At Brenntag Nutrition, we are the expert of ingredients in every aspect and understand the importance of quality, innovation, and sustainability in nurturing a healthier tomorrow. Our global reach and local expertise allow us to source and supply a comprehensive range of high-quality nutritional ingredients to meet the evolving needs of our customers. Our Services: Ingredient Sourcing & Distribution : Leveraging our extensive global network, we source the finest nutritional ingredients from reputable suppliers worldwide. Custom Formulation & Solutions : Our team of experts work closely with clients to develop custom formulations that meet expectations and regulatory requirements. Market Insights & Trends : We provide valuable insights into market trends and consumer preferences, helping our clients stay ahead in the competitive nutrition industry. Regulatory Support & Compliance : compliance with regulatory standards is paramount. Our Commitment: Quality Assurance: We adhere to the highest standards of quality, safety, and efficacy in all our products and services. Sustainability: Committed to environmental stewardship, we prioritize sustainable practices across our operations and supply chain. Innovation: At the heart of Brenntag Nutrition lies our dedication to innovation, continually exploring new ingredients, technologies, and solutions to meet the nutritional needs of tomorrow. Why Choose Brenntag Nutrition? Global Expertise, Local Touch : Our global presence, combined with local market know...",Africa; Asia; Australia; Central/South America; Eastern Europe; Middle East; North America; Western Europe,Distributor,"Hydroxypropyl starch, Nutrition ingredient mixture, Other Flavourings",Fi Europe 2026; Book a meeting; See our Exhibitor Profile; See full Exhibitor List,"Messeeallee 11, D 45131, Essen, Germany",,+351 914328108,https://www.brenntag.com,https://www.ingredientsnetwork.com/brenntag-holding-gmbh-comp248703.html,248703
GOED,"GOED is the only organization focused specifically on increasing consumption of EPA and DHA omega-3s around the world. Our 200+ members represent the entire supply chain from fisheries and crude oil suppliers to refiners, concentrators and brands. GOED's extensive network helps members expand and grow their businesses. Our activities focus on maintaining quality standards, educating consumers and healthcare professionals, furthering the science, and advocating for members with governments and NGO’s throughout the world. We also offer comprehensive data on the global omega-3 supply chain, consumer market research in 20+ countries and scientific, regulatory and technical expertise.",Africa; Asia; Australia; Central/South America; Eastern Europe; Middle East; North America; Western Europe,Government /Pavilion Organiser /Trade Association,"Algae oil, Fats & Oils - Algae, Fish oil",Vitafoods Europe 2027; Book a meeting; See our Exhibitor Profile; See full Exhibitor List,"222 South Main Street, Suite 500, 84101, Salt Lake City, United States",info@goedomega3.com,+1 (504) 224-9618,https://www.goedomega3.com,https://www.ingredientsnetwork.com/goed-comp264620.html,264620
Breko GmbH,"Breko is a leading supplier of wines, spirits, food and health ingredients, as well as raw materials for cosmetic applications and animal nutrition. Headquartered in Germany, the company has built a strong reputation for quality, reliability, and long-term partnerships across international markets. Over the past years, Breko has successfully expanded and repositioned its business in the health ingredient sector, becoming a recognized distributor of scientifically supported ingredients for dietary supplements, functional foods, beverages, and wellness products. At Breko, quality, sustainability, and transparency are at the core of everything we do. We carefully select our suppliers and manufacturing partners based not only on product quality but also on their commitment to responsible sourcing, environmental stewardship, and full traceability throughout the supply chain. We believe that high-quality products can only be achieved through long-term partnerships with companies that share our values and passion for excellence. Our sourcing strategy prioritizes ingredients of European origin wherever possible. Today, approximately 98% of our portfolio is harvested, cultivated, or manufactured in Europe. This approach enables us to ensure short supply chains, consistent quality standards, reliable availability, and compliance with European regulatory requirements. In addition, we place a strong emphasis on organically certified ingredients and sustainable agricultural practices whenever suitable options are available. Breko serves customers across multiple industries, including the food and beverage sector, dietary supplements, nutraceuticals, functional foods, cosmetics, animal nutrition, and pet health. Through close cooperation with internationally recognized manufacturers and research-driven companies, we offer innovative ingredient solutions that help our customers develop differentiated products supported by science, quality, and market relevance. For more than two decades, Breko has specialized in premium polyphenol ingredients, making this category one of the company's core competencies. Polyphenols are among the most extensively researched plant-derived bioactive compounds due to their contribution to healthy aging, cardiovascular wellness, metabolic health, cognitive function, and overall vitality. Through continuous collaboration with leading manufacturers and researchers, Breko has established one of the most comprehensive portfolios of polyphenol-rich ingredients available in the European market. Recognizing the growing consumer demand for scientifically substantiated wellness ingredients, Breko continually evaluates and introduces innovative products backed by clinical research and robust quality standards. The company's objective is not merely to distribute ingredients but to provide complete solution concepts that enable customers to accelerate product development and bring meaningful innovations to market. A central element of this portfolio is the range of grape, wine, and olive-derived extracts produced by our long-standing French partner GRAP’SUD. These extracts are sourced from carefully selected Mediterranean raw materials and standardized to provide consistent levels of valuable polyphenols. The product range includes grape seed extracts rich in oligomeric proanthocyanidins (OPCs), red wine extracts, grape skin extracts, and olive fruit extracts, all designed for use in dietary supplements, functional foods, beverages, and cosmetic formulations.To complement these naturally derived polyphenol ingredients, Breko offers Veri-te™, a highly pure trans-resveratrol produced via precision yeast fermentation. Veri-te™ is one of the most scientifically documented resveratrol ingredients available on the market and is supported by numerous human clinical studies investigating healthy aging, cardiovascular health, cognitive performance, and metabolic wellness. Fermentation-based production provides exceptional purity, consistency, sustainability, and scalability while eliminating the agricultural limitations associated with botanical extraction. Another innovation within the portfolio is VinoFit+®, a proprietary ingredient formulation developed to combine selected red wine polyphenols with resveratrol. VinoFit+® was designed to capture the beneficial polyphenol profile traditionally associated with moderate red wine consumption while completely eliminating alcohol intake. The ingredient offers manufacturers a convenient and science-oriented solution for the development of capsules, tablets, sachets, gummies, beverages, and functional food products targeting healthy aging and cardiovascular wellness. Our portfolio includes a broad range of European berry extracts such as bilberry, aronia, tart cherry, blackcurrant, and elderberry, valued for their naturally occurring anthocyanins and polyphenols. In addition, we offer premium pine bark extracts with high OPC content, providing powerful antioxidant and vascular health support. In addition to polyphenols, Breko distributes Fibersol®-2, a highly soluble digestion-resistant maltodextrin widely used as a functional dietary fiber. Fibersol®-2 offers outstanding formulation flexibility and excellent sensory characteristics, making it particularly suitable for beverages, powders, bars, gummies, and nutritional products. The ingredient is supported by extensive scientific research investigating digestive health, glycemic response, and satiety support. Due to its excellent solubility and neutral taste profile, Fibersol®-2 represents an ideal complementary ingredient for polyphenol-enriched beverage and nutritional formulations.Breko's expertise extends beyond ingredient distribution. We actively support our customers throughout the entire product development process, including ingredient selection, formulation concepts, technical documentation, quality requirements, and market-specific regulatory considerations. Our team combines commercial experience with scientific knowledge to help customers identify ingredients that align with current consumer trends and evolving market demands. The company maintains a strong focus on scientific credibility. When selecting new products, Breko prioritizes ingredients supported by robust analytical characterization, standardized production processes, and, whenever possible, human clinical research. This commitment enables customers to build innovative product concepts on a foundation of quality, transparency, and scientific substantiation. As market trends continue to evolve toward preventive health, healthy aging, gut health, sustainability, and plant-based nutrition, Breko remains committed to identifying and supplying ingredients that meet the needs of both manufacturers and consumers. Our growing portfolio reflects the increasing demand for natural, evidence-based solutions that support health and wellbeing in everyday life. Today, Breko is regarded as a trusted partner for manufacturers seeking premium ingredients with European quality standards, transparent supply chains, and strong scientific foundations. Through close relationships with leading producers, a focus on sustainability, and more than 20 years of expertise in polyphenols and health ingredients, Breko continues to help customers create innovative products that meet the highest expectations of the modern marketplace. Breko GmbH – Bringing together science, sustainability, and premium European ingredients for food, health, wellness, and beauty.",Asia; Western Europe,Distributor,"Anthocyanins, Bioactives Other, Botanicals",Fi Europe 2026; Book a meeting; See our Exhibitor Profile; See full Exhibitor List,"Hoerneckestrasse 3, 28217, Bremen, Germany",info@breko.de,+49 42 1460 70730,https://www.breko.de,https://www.ingredientsnetwork.com/breko-gmbh-comp248780.html,248780
CTCS,"CTCS started years ago as a distributor of high-quality herbs and spices, driven by a passion for quality and customer-oriented service. From small beginnings, CTCS has grown into a reliable partner in the food industry, with a global network of suppliers and customers. With a strong eye for market developments and lasting relationships, CTCS continues to refine and expand its offering. Our goal is to supply the best ingredients and create long-term partnerships based on trust and craftsmanship. CTCS provides your business with high-quality food ingredients from internationally recognised producers. We combine expert advice and fast, cost-effective solutions. Thanks to our extensive network and years of experience, with the best products and suppliers, we deliver the quality and reliability you need for long-term relationships and sustainable success. At CTCS, you will find not only a partner, but also a team working for your interests with passion and dedication from Venray.",Eastern Europe; North America; Western Europe,Import / Export Services,"Herbs, Honey, Olive oil",Fi Europe 2026; Book a meeting; See our Exhibitor Profile; See full Exhibitor List,"Ambachtstraat 46,, 5804 CD, Venray, Netherlands",felix.lops@ctcs.de,+31 85 78 20 470,https://www.ctcs.de,https://www.ingredientsnetwork.com/ctcs-comp481907.html,481907
LIPSA,"Lípidos Santiga (LIPSA) is a leading company in the refining of vegetable oils and fats for the human food, animal feed, technical applications and biofuels sectors.Since our beginnings in 1973, our objective has been to become the supplier of reference for all our customers around the world, continuously providing them with high added value solutions. With a portfolio of more than 20 feedstocks and the ability to add additives and create blends, we have the widest product portfolio in the industry. And for all customers who want to go one step further in their commitment to sustainability, we also offer our range of sustainable and eco-certified products. Our experienced team works together with the best suppliers to ensure a safe and sustainable supply chain for our raw materials in social, environmental and economic terms. We also use the best and latest technology in oil refining processes, and we are at the forefront in mitigating contaminants that may be present in vegetable oils or appear during refining processes (GE, 3-MCPD esters and MOSH/MOAH) to ensure the quality of all our products. We continuously innovate our products, relying on technology to adapt to the needs of the market and together with our customers we develop tailor-made solutions to meet all their demands for vegetable oils and fats.",Africa; Asia; Australia; Central/South America; Eastern Europe; Middle East; North America; Western Europe,Raw Material Supplier,"Canola oil, Coconut oil, Emulsifiers, Stabilisers, Thickeners",Fi Europe 2026; Book a meeting; See our Exhibitor Profile; See full Exhibitor List,"Ctra. B-141 Ripollet A Santiga, km 4,300, 08130, Santa Perpetua de Mogoda, Spain",jolivero@lipsa.es,+34 935443119,https://www.lipsa.es,https://www.ingredientsnetwork.com/lipsa-comp301813.html,301813
Puredia Corporation Limited,"Puredia is a globally recognized company committed to delivering the purest natural raw ingredients while protecting sustainability. Full essence of the plants is captured with distinctive technology at our advanced facilities without using damaging heat and chemicals. Puredia""s plants are sourced from our 23,000-acre certified organic farm in the Tibetan Plateau, the largest and cleanest ecosystem with cultivation. This pollution-free region is the third pole of the world by UNESCO. Due to high altitudes, extreme temperature variations and intense sunlight, plants develop a natural resiliency to lock in nutrients. Our Ingredients are Organic, Innovative, Clinical-Proven. Our Featured Ingredient include: CyanthOx™ – The Strongest Antioxidant forAnti-Aging CyanthOx™ is a groundbreaking antioxidant extract harnessed from wild sea buckthorn berries grown on the high-altitude TibetanPlateau. With an impressive ORAC value of 895,281 μmol TE/100g—nine times stronger than grape seed extract—and rich in proanthocyanidins, polyphenols, and bioflavonoids, CyanthOx™ delivers exceptional antioxidant power. This innovative extract helps protect against mitochondrial dysfunction, stem cell exhaustion, cellular senescence, chronic inflammation, and dysbiosis, supporting longevity and overall cellular health. Omegia™ – Vegan Omega-7 for Women’s Wellness Omegia™ is the world’s first clinically proven, vegan omega-7 formula made from sustainably harvested, organic sea buckthorn berries.It offers a comprehensive omega profile, including omega-3, 6, 7, and 9, as well as beta-carotene, vitamin E, and plant sterols. Omegia™ is designed to support women’s comfort and confidence at every stage of life, providing natural, hormone-free relief from common menopause-related symptoms and supporting skin, vaginal, and eye health. CardiOmegia™ – Synergistic Omega-7 & DHA for Heart and Metabolic Health CardiOmegia™ is a first-of-its-kind formula combining ultra-pure omega-7 with DHA for advanced cardiovascular and metabolic support.It delivers the highest concentration of omega-7 available, enhanced with DHA for amplified results. CardiOmegia™ helps regulate lipid metabolism, improve insulin sensitivity, and address key markers of metabolic syndrome, making it ideal for those seeking natural support for cardiovascular wellness and metabolic balance.",Africa; Asia; Australia; Central/South America; Eastern Europe; Middle East; North America; Western Europe,Contract Manufacturer; Distributor; Raw Material Supplier,"Acerola, Ashwagandha, Bioactive Compounds - Other",Vitafoods Europe 2027; Book a meeting; See our Exhibitor Profile; See full Exhibitor List,"1312 New East Ocean Centre 9 Science Museum Road, Tsim Sha Tsui East, Kowloon, Hong Kong",inquiries@puredia.com,+852 3106 3220,https://www.puredia.com,https://www.ingredientsnetwork.com/puredia-corporation-limited-comp249200.html,249200
Euroduna Food Ingredients GmbH,"For over 30 years, EURODUNA Food Ingredients GmbH has been supplying the food industry with high-quality ingredients. Today we’re one of Germany’s leading importers of soy protein and a reliable partner for food manufacturers across a wide range of applications. As “The Protein People” proteins are the heart of what we do. Over the years, we have continuously expanded our product portfolio, which includes plant based proteins, protein crispies, textured plant proteins, dairy products, starches, fibers and other functional ingredients. Our ingredients are used in sports nutrition, meat alternatives, bakery products, confectionery, snacks and many other food applications. Quality and product safety are essential to us. That is why we select our suppliers carefully. Our IFS Broker-certified quality management system provides the foundation for reliable processes and consistently high standards. As part of the global EURODUNA Group, we combine international sourcing with strong supplier partnerships, in-depth market expertise and a flexible logistics network. Our experienced team helps customers find the right ingredients, develop tailored solutions and turn ideas into products. We believe in personal service, open communication and partnerships built to last. We source the best ingredients to help achieve your goals.",Eastern Europe; North America; Western Europe,Distributor,"Almonds, Carob, Casein",Fi Europe 2026; Book a meeting; See our Exhibitor Profile; See full Exhibitor List,"Schusterring 18a, 25355, Barmstedt, Germany",food@euroduna.com,+49 4123 90 2318,https://www.euroduna-food.com,https://www.ingredientsnetwork.com/euroduna-food-ingredients-gmbh-comp248730.html,248730
Hamburger Gewürz-Mühle Hermann Schulz,"HGM - experts in spices, herbs and spice mixtures Since more than 95 years we are one of the leading suppliers in the spice industry. We are an open minded, globally acting company, with contacts worldwide. We do not only import our raw material directly from several origins and are well known as wholesaler and exporter but over the years also became experts in upgrading processes for spices, herbs and mixtures. Please take your benefit from our long lasting experiences and let us be part of your success. Feel free to contact us with any question you might have. We are looking forward to a fruitful cooperation. DIRECT IMPORT FROM THE PLACE OF ORIGINWORLDWIDE DELIVERY OF OUR GOODSEXTREMELY VARIED RANGE OF SPICESWAREHOUSE CAPACITY OF 1,500TONS OF SPICES IN 6 WAREHOUSES50 DIFFERENT PIECES OF MACHINERY IN OUR 4-STOREY MILL BUILDINGPROCESSING OF UP TO 20TONS RAW MATERIAL DAILYCERTIFIED QUALITYINHOUSE PROCESSING SERVICESPlease visit our website for more information: https://www.hgmspice.de/en/",Eastern Europe; Western Europe,"Distributor; Food Safety, Quality and Service; Manufacturer: Finished Beverage Products; Manufacturer: Finished Food Products; Manufacturer: Food & Beverage Finished Products; Manufacturer: Ingredients / Additives; Raw Material Supplier","Aniseed, Black cumin, Caraway",Fi Europe 2026; Book a meeting; See our Exhibitor Profile; See full Exhibitor List,"Grossmannstrasse 221, 20539, Hamburg, Germany",info@hgmspice.de,+49 40 789701 0,https://www.hgmspice.de,https://www.ingredientsnetwork.com/hamburger-gewurz-muhle-hermann-schulz-comp289234.html,289234
Hädener Rohstoffe GmbH,"Founded in 1987, Hädener Rohstoffe is a Swiss-based supplier of innovative food ingredients, natural and active products and functional solutions that make a difference. Hädener offers a comprehensive portfolio of globally sourced products for customers in the food, nutraceutical, cosmetic and chemical industries. Through our partner company, Hädener Shanghai, we are in close contact with the world's leading suppliers, enabling us to respond quickly to new market or product requirements. We are constantly updating our portfolio with the latest product innovations and when it comes to specific qualities, you will find us a competent partner. Our products comply with food legislation and the Novel Food Regulation. As a certified organic company, we can also offer manufacturers of organic products a selected range of raw materials. Our aim is to be the ideal partner to help you grow your business with healthier, safer, more natural and tastier products. Visit us at stand 3L252 and discover our range of vitamin E – natural and synthetic – vitamin B, D2 and D3, K2, DHA fish oil and vegan qualities, spirulina, xylitol DC and various bisglycinates.",Asia; Eastern Europe; Western Europe,Distributor,"Algae oil, Bioactives Other, Emulsifiers, Stabilisers, Thickeners",Vitafoods Europe 2027; Book a meeting; See our Exhibitor Profile; See full Exhibitor List,"Zwinglistrasse 6 Postfach 923, 9001, St. Gallen, Switzerland",info@haedener.ch,,https://www.haedener.ch,https://www.ingredientsnetwork.com/hadener-rohstoffe-gmbh-comp318184.html,318184
Barentz International B.V.,"At Barentz, we are passionate about delivering better ingredient solutions to the global food & beverage industry. More than a distributor, we act as a trusted partner, combining the best ingredients from world-class suppliers with our technical expertise and tailored application support. With over 2,800+ specialists across 70+ countries and 37 state-of-the-art application labs, we bring global reach and local knowledge to every customer challenge. From customized nutrition and taste systems to regulatory guidance and market insights, our solutions help brands stay ahead of consumer trends and industry standards. By embracing innovation and sustainability, we empower our partners to create products that improve health, taste, and enjoyment for consumers worldwide. Barentz. Always a better solution.",Africa; Asia; Australia; Central/South America; Eastern Europe; Middle East; North America; Western Europe,Distributor,"Egg replacer, Emulsifiers, Stabilisers, Thickeners, Fat replacer",Fi Europe 2026; Book a meeting; See our Exhibitor Profile; See full Exhibitor List; Vitafoods Europe 2027,"Burnhamstraat 8, 2132 GZ, Hoofddorp, Netherlands",communications@barentz.com,+31 (0) 23 567 34 56,https://www.barentz.com,https://www.ingredientsnetwork.com/barentz-international-b-v-comp249911.html,249911
Favea a.s.,"FAVEA a.s. is a modern, flexible Czech producer of innovative, safe products designed to improve the quality of life. The company's mission is to build long-term, mutually beneficial relationships with its customers by offering optimal solutions tailored to their needs. FAVEA is a privately-owned company. Our quality management system guarantees the achievement of a high standard of products by being managed as a complex . From the very beginning, when we thoroughly evaluate and choose the raw materials and their suppliers to the output in the form of a quality product corresponding to the requirements of the customer and state authorities. Our powerful COMBICAPS ® technology offers the possibility to fill hard capsules with various combinations of technological forms, e.g. a combination of oils, oil and powder or pellets. Cap-in-cap is latest news from our strong COMBICAPS® technology. Cap-in-cap is manufactured with great emphasis on quality, extensive and detailed product testing process by our FAVEA team. FAVEA’s motto is "" Grow Together, "" reflecting our commitment to collaboration and progress. As a trusted partner to clients worldwide, FAVEA operates two manufacturing plants in the Czech Republic. Both facilities have been GMP-certified since 2017, and in 2019, we achieved FDA food certification.",Asia; Eastern Europe; Middle East; North America; Western Europe,Contract Manufacturer,"Other Microorganisms & Probiotics, Dietary supplements, Contract manufacturing",Vitafoods Europe 2027; Book a meeting; See our Exhibitor Profile; See full Exhibitor List,"B. Nemcove 580/1b, 74221, Koprivnice, Czech Republic",svancerova@favea.cz,,https://WWW.FAVEA.COM,https://www.ingredientsnetwork.com/favea-a-s-comp307447.html,307447
Technophar,"Technophar — a Roquette Company, is a globally recognized supplier of softgel capsule machines, auxiliary equipment and service-based solutions. With over 40+ of experience, we have established ourselves as a truly global company, with our Canadian headquarters and two European manufacturing sites. We have pioneered technological advancements in softgel capsule machines, transitioning from mechanical to electronic gearing, thereby improving quality, productivity, flexibility, maintenance requirements, and downtime. Our core competencies include specialization in equipment knowledge and expertise, in-house manufacturing, innovative technology, and premium-quality products with customization capabilities. Additionally, we offer comprehensive training along with technical support and services, including Site Acceptance Testing (SAT) and Remote Acceptance Testing (Online and Remotely). At Technophar, we do not just sell machines; we collaborate with our clients, providing tailored solutions in order to foster long-term partnerships. This year at Vitafoods, our Technophar team will be on-site to discuss our latest Universal Softgel Machine innovations for both gelatin- and veggie-based softgels, as well as Roquette excipient solutions for plant-based films. As a global leader in softgel machine manufacturing, we are committed to delivering exceptional value and quality to our clients. Health and wellness are at the forefront of our mission, and we strive to provide key solutions in an ever-changing market. We are thrilled to be part of the 2026 Vitafoods event, which brings together leading suppliers and experts to network and discuss nutraceutical innovation and insight. Don’t forget to visit our team of experts at Booth 5H98 to connect and learn about our innovative technology to help propel your business forward.",Asia; Australia; Central/South America; Eastern Europe; Middle East; North America; Western Europe,Contract Manufacturer,"Co-packing, Contract manufacturing, Drying",,"Str. Dr. Dumiytu Bagdasar, nr. 40, 107180, Cornu, Jud. Prahova, Romania",inquiries@technophar.com,,https://www.technophar.com,https://www.ingredientsnetwork.com/technophar-comp307609.html,307609
SD Guthrie International Speciality Ingr,"With over 50 years of experience, SD Guthrie is a pioneer in the production of modified lecithin from soybeans, sunflowers, and rapeseed in the Netherlands. Our product range includes Bolec® and Sunlec®, enhanced through enzymatic hydrolysis or fractionation. Lecithin is a natural emulsifier used in food, feed, pharmaceutical, cosmetic, and technical applications. Our factory in the Netherlands produces hydrolyzed and fractionated lecithins with superior performance. Fractionated lecithin is available as PC-enriched and PC-depleted lecithin, used as a health ingredient, wetting agent, emulsifier, or stabilizer. Hydrolyzed lecithin is enzyme-treated for superior emulsification. We source and process sunflower lecithin, non-GMO (IP) soy lecithin, and GMO soy lecithin from global crushers. We work with trusted suppliers and maintain high-quality standards. Our products are Kosher, Halal, Cert-ID, and FSSC certified.",,Manufacturer: Ingredients / Additives,"Ammonium phosphatides, Canola oil, Emulsifiers, Stabilisers, Thickeners",,"Lindtsedijk 8, 3336 LE, Zwijndrecht, Netherlands",karen.mathias.rettig@sdguthrie.com,,https://www.sdguthrie-si.com/,https://www.ingredientsnetwork.com/sd-guthrie-international-speciality-ingr-comp324287.html,324287
Pharmanager Development,"Pharmanager Development is a scientific and regulatory consulting company specialized in the nutrition and health sector, covering food products, nutraceuticals, pharmaceuticals, cosmetics, animal nutrition, animal hygiene products and biocides. Our expertise spans 4 areas: product development, scientific substantiation, regulatory audits & procedures, training and quality audit. We assist companies in verifying product compliance and health communications, registering products when required, and preparing Novel Food dossiers for European approval. With experience in Europe and over 30 countries worldwide, we support companies in innovation and market expansion.We also provide two regulatory and scientific databases: Phinn® : dedicated to food supplements: • +230 daily users, 20+ years expertise, 97% renewal, +5000 positive clinical studies • 2,700+ functional ingredients & additives, health/safety claims, EU regulations, 30+ third country files • Clinical studies on health benefits, EFSA & Member States opinions • Connection with Compl’Alim for real-time French market monitoring • Formulas management, raw materials & suppliers database • 1h/month personalized support (phone or email) Pheed® : dedicated to animal nutrition: • Save time, ensure compliance, foster innovation • Centralized regulatory monitoring • Latest scientific studies to optimize formulations • Essential R&D data and ingredient restrictions • Expert support to interpret regulations and address compliance challenges • Nearly 4,500 feed materials & 1,800 additives • Integrated list of registered operators",,Consulting,,,"24, rue Max Richard, 49100, ANGERS, France",contact@pharmanager-development.com,,https://www.pharmanager-development.com/en/,https://www.ingredientsnetwork.com/pharmanager-development-comp476317.html,476317
Groward Group UAB,"Groward Group group of companies comprises several progressive and innovative agribusiness enterprises employing over 700 specialists. We are one of the fastest growing agricultural business groups in Lithuania. The main activity areas of Groward Group are eggs and egg products, poultry and grains. They are focused on ecology, natural products, and aim at high-quality products and services, as well as added value. A large share of production is exported to Germany, the Netherlands, Denmark and other countries in Western Europe, Scandinavia and Asia. Continuous growth and recognition of partners in these areas are guaranteed by particular attention of Groward Group to development of processes, employee competences and innovative solutions. Groward Group, then VG Agro Holding, started its operations in 2012 after its incorporation by Viciunai Group, one of the largest and economically strongest producers of fish and other food products in Europe. It took five years of consistent growth and development of new agricultural businesses for the company to earn the trust of many Lithuanian farmers and foreign partners. In 2017, the company was ready to undertake independent business development, which was the start of the international agribusiness group of companies called Groward Group. Groward Group produces high added value grain, poultry and egg niche products for businesses and private consumers. Said business area takes a priority position in the company’s activities – we are the largest egg and egg product suppliers in the Baltic States, where we were the first to offer a mass supply of “happy” eggs, and we relate the future of this business with non-caged eggs. Groward Group egg products have been evaluated by Unilever and Qatar Airways, as well as other globally operating companies in the fields of food production, trade, transport and others. We also develop other agribusinesses and related activities – growing standards, organic and cereal crop, buying-in, storing and transporting of crops, developing sustainable crop production, and producing balanced feed. Groward Group pays special attention to ecology, natural properties and sustainable activities, both in the development of finished products for private users and the supply of business-oriented production and raw materials. We offer such organic and niche crops as lentils, linseed, chickpeas, mustard and hemp seeds, etc. to customers. We personally monitor the entire organic production chain – from grain cultivation, processing and transportation to the manufacturing of balanced Lithuanian feeds. Our modern attitude to sustainable farming processes enables us to ensure smooth running of this chain. Groward Group continuously seeks the newest ecological trends, participates actively in key industrial events in Europe and beyond, and applies the innovations discovered during these events in its daily activities. The group of agricultural business companies cooperates with local and foreign farmers, and has gathered a circle of reliable partners from Lithuania, Europe and Asia. This allows us to offer our customers eggs, meat and grain products conforming to the highest western standards. The quality is ensured by the stringent process control inside the company, as well as the external biannual audits (IFS and BRC) conducted by international quality auditors.",,,"Chick peas, Egg Products, Hemp seeds",Fi Europe 2026; Book a meeting; See our Exhibitor Profile; See full Exhibitor List,"Karaliaus Mindaugo Prospektas, 44307, Kaunas, Lithuania",egidijus.katkevicius@groward.eu,,https://exhibitors.figlobal.com/fie26/,https://www.ingredientsnetwork.com/groward-group-uab-comp316099.html,316099
"Wuyi Zhenwei Biological Science and Technology Co.,Ltd.","Wuyi Zhenwei Biological Science and Technology Co., Ltd (ZHENWEI) is a private high-tech manufacturing company established in 2001. As the industry leader and expert in natural extracted aliphatic primary alcohols, ZHENWEI became the first Policosanol manufacturer granted a Food Production License in China. Instead of traditional solvent extraction, ZHENWEI manufactures a series of long-chain aliphatic alcohols (primarily with carbon backbones ranging from 22 to 36 carbons) using its self-developed Molecule Distillation technology (PATENT), which completely resolves concerns about solvent residues. In addition to being ISO9001 and Kosher-certified, ZHENWEI's policosanol was approved by Analytical Laboratories in Anaheim, Inc. USA, a renowned independent analysis laboratory for phytochemicals, in 2004. Beyond our role as a manufacturer, ZHENWEI is dedicated to serving as an active international supplier of Botanical Extracts and Nutraceutical Raw Materials for the Dietary Supplement, Pharmaceutical, and Cosmetic industries. With over 20 years of experience in both the Chinese and overseas markets, we have become well-experienced and successful in this field. To keep our customers ahead of the competition, we continually update our product data to share surprises and new opportunities with our valuable customers. We align suppliers and buyers and then take full responsibility for the fulfillment of each transaction. Positioning quality and service as key factors in every transaction, ZHENWEI places high attention on pre- and post-sales service. Our research institutions can carry out various analyses as required. Our logistical centers spread over major ports in China, including Shanghai, Tianjin, Ningbo, and Qingdao, play vital roles in supervising shipping services for every delivery and providing professional and tailor-made service. We are flexible enough to offer tailored individual service. Our business principle of trading on the basis of fairness, mutuality, and quality guides us in achieving our mission of delivering service that exceeds customer expectations, by providing high-quality products at competitive prices, shipping them anywhere in the world as required, and integrating our expertise into our customers' value chain.",Eastern Europe; North America,Manufacturer: Ingredients / Additives,"Bioactive Compounds - Other, Nutrition ingredient mixture, Other Botanicals",,"Gangtou Industrial Zone, Wuyi County, 321208, Jinhua City, China",jimmyz@chinapolicosanol.com,+8618257079731,https://www.zwsw.com,https://www.ingredientsnetwork.com/wuyi-zhenwei-biological-science-and-technology-co-comp316956.html,316956
Duynie,"We help the world in the transition towards circularity by making optimal use of resources and reducing environmental impact. Together with partners, customers and stakeholders, we are constantly looking for new, creative ways to generate more value from co-products. For a circular future. Duynie is Europe’s largest company active in the valorisation of co-products released in the production and processing of food, beverages and bio-fuel products. By processing co-products into new products, services and applications, Duynie creates new value for suppliers, customers and the environment. In 2002, Duynie became a part of Cosun, a future-oriented and leading agricultural cooperative. Since 1899, Cosun has been processing crops into products. The full potential of plants is sustainably accessed, bringing smart solutions for present and future generations, from food, food ingredients, animal nutrition, bio-based ingredients to green energy. Cosun thus contributes to reducing climate change and a sustainable lifestyle is promoted.",Western Europe,Manufacturer: Ingredients / Additives,"Cereals & Grains, Pulses, Dietary Fibres, Prebiotics, Emulsifiers, Stabilisers, Thickeners",Fi Europe 2026; Book a meeting; See our Exhibitor Profile; See full Exhibitor List,"Kortsteekterweg 57, 2407 AJ, Alphen aan den Rijn, Netherlands",info@duynie-ingredients.com,+31 485 744 300,https://exhibitors.figlobal.com/fie26/,https://www.ingredientsnetwork.com/duynie-comp320836.html,320836
ACG,"We know how hard it can be to get better. That’s why, for sixty years, we’ve been getting better at helping our pharmaceutical and nutraceutical partners make people better. Founded in Mumbai in 1961, ACG now serves companies all over the world, touching almost every aspect of solid dosage manufacturing. With a presence in 138 countries on six continents, ACG is now the world’s largest integrated supplier of solid dosage products and services – providing hard-shell capsules, film and foil barriers, track and trace systems, and process, packing and inspection equipment. We make it better, so you make it better, so together we can make people better. Our Businesses Include: ACG Capsules Medicine is only as good as how well it’s delivered to the body. ACG Films & Foils Medicine is only as good as the barriers that protect their integrity. ACG Engineering Medicine is only as good as the equipment that manufactures it. ACG Inspection Medicine is only as good as the systems that ensure it arrives safely at its destination. Our Approach: A healthier world through partnership. While pharma and nutra companies develop the formulations that go into medicines and supplements, we provide the equipment and consumables to produce and deliver those formulations at scale – always ensuring the highest levels of efficacy are maintained. A healthier world through integration. Things work better (and easier) when they’re designed to work together. Fewer suppliers also means simpler accountability when things go wrong. We are the world’s most integrated solid dosage manufac...",Africa; Asia; Australia; Central/South America; Eastern Europe; Middle East; North America; Western Europe,"Equipment, Packaging & Processing Supplier","Dietary supplements, Nutricosmetics, Clinical trials",Vitafoods Europe 2027; Book a meeting; See our Exhibitor Profile; See full Exhibitor List,"131 Kandivali Industrial State Charkop, Kandivali West, 400067, Mumbai, India",govind.yadav@acg-world.com,+91 22 2678 3244,https://www.acg-world.com,https://www.ingredientsnetwork.com/acg-comp267818.html,267818
Gelato Pro Software,"Elevate Your Art with the Science of Precision: Meet Gelato Pro In the world of artisanal frozen desserts, the difference between a good product and a masterpiece lies in the technical precision of the laboratory. Gelato Pro is the definitive all-in-one formulation suite designed for modern chefs who refuse to compromise on quality, consistency, or margins. Master the Science of Texture Stop guessing and start formulating. Our software bridges the gap between creative inspiration and scientific accuracy: Precision Balancing: Automatically calculate POD (Sweetness) and PAC (Anti-freeze power) to ensure perfect scoopability every time. Advanced Thermal Analysis: Predict the exact texture of your gelato in the display case using our integrated freezing curve modeling. Hardness Profiling: Maintain total control over fats, MSNF, and total solids to achieve unparalleled creaminess. Global Compliance, Local Expertise Scaling your business across borders has never been easier. Gelato Pro is built to handle the complexity of international food standards. We currently offer five specialized versions fully compliant with the specific regulations of: France USA (Strictly FDA CFR 135 Compliant for Ice Cream, Sherbet, and Frozen Custard) Spain Brazil Indonesia Expansion is at our core: dedicated versions for Germany , Italy , and more are coming soon to ensure your recipes meet local legal definitions and labeling requirements. High-Performance Production & Profitability Gelato Pro isn't just a calculator; it’s a Financial Intelligence tool: Total Yield Mastery : Factor in specific overrun and waste factors to calculate the exact mix weight needed to fill your containers with surgical precision. Real-Time Margins : Track the cost of every scoop or gallon as you formulate, allowing you to optimize your bottom line instantly. Smart Inventory : Manage raw materials and suppliers in one central hub, with instant batch scaling to match your equipment capacity. Why Choose Gelato Pro? Lifetime License: A one-time investment with no monthly subscriptions—you own your tool forever. Offline Reliability: Your proprietary recipes stay secure on your computer, with no cloud dependency. Universal Localization: Full native support for both Imperial and Metric systems. Perfect the science, protect your margins, and craft the future of gelato. Ready to transform your production? Visit www.gelato-pro.com or contact us at [email protected] to start your journey toward technical perfection.",Asia; Australia; Central/South America; North America; Western Europe,Consulting,"Analysis/ Testing, Consulting",Fi Europe 2026; Book a meeting; See our Exhibitor Profile; See full Exhibitor List,"21 Rue Cafabre, 83400, Hyères, France",contact@gelato-pro.com,,https://www.gelato-pro.com/,https://www.ingredientsnetwork.com/gelato-pro-software-comp479490.html,479490
Sveba S.R.L Unipersonale,"SVEBA was founded in 1994 by the Salamone family as a laboratory for phytotherapeutic preparations. Over time, it has evolved into a leading design, development, and production company. Today, we are one of the main European Contractors and CDMOs operating in the Food Supplements sector. As a market leader, we take a unique, multidisciplinary approach, ensuring meticulous attention to every product detail while maintaining a strong commitment to social and environmental responsibility. We manage all phases of the product life cycle and employ the most innovative pharmaceutical technologies to meet the most ambitious needs of our clients. With over 6,000 sqm of production facilities across Italy, our daily production capacity includes: - Capsules – 1,500,000 per day - Tablets – 4,500,000 per day - Liquid sachets – 700,000 per day - Solid sachets – 1,000,000 per day - Stand-up gel – 200,000 per day - Liquid in bottles (10 to 1000 ml, depending on size) Additionally, we have dedicated R&D and Regulatory laboratories to support our clients at every stage, from formulation to the final product. SVEBA is certified GMP, ISO 9001, and ISO 13485 ""Medical Devices"" and is authorized to produce Organic Supplements as well as Pet and Feed Supplements. We are committed to building strong partnerships with our customers and suppliers. Our slogan: “WE MAKE IT, YOU SELL IT” . For further information, please do not hesitate to contact us.",,Contract Manufacturer,"Other Microorganisms & Probiotics, Other Prebiotics, Biotic products",Vitafoods Europe 2027; Book a meeting; See our Exhibitor Profile; See full Exhibitor List,"Via Dell'industria 369, 22070, Cassina Rizzardi, Italy",a.lista@sveba.it,,https://www.sveba.it,https://www.ingredientsnetwork.com/sveba-s-r-l-unipersonale-comp324293.html,324293
Royal Cosun,"Royal Cosun is an international agricultural cooperative. We strive to unlock the full potential of plants. We offer sustainable and innovative plant-based solutions to the challenges facing our society now and in the future. Cosun produces plant-based food and food ingredients. With over 125 years of experience, we work cooperatively with suppliers, 8,100 growers and more than 4,600 employees in Europe, Asia and North America. The businesses Aviko, Cosun Beet Company, Duynie and Cosun Ingredients are part of Cosun. Together, Cosun realised an annual turnover of more than EUR 3 billion in 2025. More information: www.cosun.com",,Manufacturer: Ingredients / Additives,Plant-based foods,Fi Europe 2026; Book a meeting; See our Exhibitor Profile; See full Exhibitor List,"Van de Reijtstraat 15, 4814 NE, breda, Netherlands",info@cosun.com,+31 765049 494,https://www.cosun.com,https://www.ingredientsnetwork.com/royal-cosun-comp318556.html,318556
Omega Spice,"With over 25 years of experience, we are an European manufacturer specializing in the production and supply of spices to the global food industry. Our production capacity of over 10,000 tons, along with our team of highly qualified professionals, allows us to support our customers’ growth with agility and reliability. We have a fully equipped in-house laboratory, including a microbiology department, liquid chromatography (HPLC-FLD), and a physical-chemical and sensory area. We work with official methods and external validations from accredited laboratories. We analyze 100% of our products, ensuring their authenticity and purity.Our company is BRC, FSSC22000, Kosher, Halal, FDA certificated. We supply our products to more than 60 countries. We import raw materials from all over the world in order to be processed in our facilities in Murcia, and add the value of our OS 5.0 quality system which implies 5 quality points of control = impurities zero. We are proud to work with a select group of highly reliable suppliers, whom we visit periodically to conduct on-site audits, monitor harvests, collaborate on the search for more sustainable practices, and exchange product knowledge and market insights. Part of SSI and CS Responsability. Experience, technology, and a robust methodology allow us to offer our customers a top-quality product with responsive service.In our 9,500 m2 facilities, we process all our products safely and efficiently. Our main products are: Paprika ChilliesBlack Pepper White Pepper Green Pepper All Spice Cumin Curry Cinnamon Turmeric Coriander seeds Oregano Rosemary Thyme Onion Carrot Our values ​​define us and guide us toward better service, unlimited quality, and an unwavering commitment to you, our customer: - Excelence - Closeness - Transparency - Passion - Sustainability Omega Spice A WORLD OF SENSES",Africa; Asia; Australia; Central/South America; Eastern Europe; Middle East; North America; Western Europe,Manufacturer: Ingredients / Additives,"Other Botanicals, Other Flavourings, Paprika extract; capsanthin; capsorubin",Fi Europe 2026; Book a meeting; See our Exhibitor Profile; See full Exhibitor List,"Polígono Industrial «La Capellanía» Fase II C/ Comunidad Valenciana, Parc.25, 30600, Archena, Murcia, Spain",info@omegaspice.com,646490440,https://exhibitors.figlobal.com/fie26/,https://www.ingredientsnetwork.com/omega-spice-comp296336.html,296336
Umalaxmi Organics Pvt. Ltd.,"With a focus on sustainability, quality, and innovation, Umalaxmi has been at the forefront of the Botanical Extract and Phytochemicals industry since 2000. The company was founded with the vision of Mr. Rakesh Dave to provide high-quality, plant-based ingredients to a wide range of industries, including Pharmaceutical, Sports Nutrition, Health Supplements, Food and Beverage, cosmetics, and Animal Healthcare. Umalaxmi uses a combination of advanced technologies, including SCFE Technology, Organic Process, and Solvent Extraction, to produce unique, pure, and effective nutraceutical ingredients and natural extracts. The company’s team of experts and quality control professionals, work together to develop products that meet the highest standards of quality and safety. Umalaxmi is committed to sustainable and responsible sourcing, and the company works with suppliers who share its values and commitment to the environment. With ISO 9001:2015, GAP, GMP certifications, FDA, BRC, FSMA, HALAL, Kosher, Rain Forest alliance, etc., Umalaxmi demonstrates its dedication to quality control and customer satisfaction. Umalaxmi is dedicated to goodness, freshness, and all the pure and natural. The company’s focus on sustainability, quality, and innovation has helped it establish a strong reputation and a loyal customer base, and its commitment to customer satisfaction ensures that its customers receive the highest quality products and services.",Africa; Asia; Australia; Central/South America; Eastern Europe; Middle East; North America; Western Europe,Manufacturer: Ingredients / Additives,"Ashwagandha, Boswellia, Garcinia Cambogia",Vitafoods Europe 2027; Book a meeting; See our Exhibitor Profile; See full Exhibitor List,"F-245-249,255 Agro Food Park, 342012, Jodhpur, India",ceo@umalaxmi-organics.com,,https://www.umalaxmi-organics.com/index.htm,https://www.ingredientsnetwork.com/umalaxmi-organics-pvt-ltd-comp307620.html,307620
"Chengdu Cogon Bio-tech Co., Ltd","We're a good manufacturing factory focused on extracting and purification of quality Astragaloside IV and Cycloastragenol and Calycosin-7-O-beta-D-glucoside from Astragalus membranaceus root more than 21 years in China. Our featured products: 5-99% Astragaloside IV (HPLC-ELSD) 98+% Cycloastragenol (HPLC-ELSD) 10+% Astragalosides (Astragaloside I+ Astragaloside II+ Astragaloside III+ Astragaloside IV+ Acetylastragaloside+ Isoastragaloside I) 0.5-5% Calycosin-7-O-beta-D-glucoside Astragalus root extract (50% Astragalus polysaccharides+1% Astragalosides) Our Mission: Quality products, Competitive price, Best service",Africa; Asia; Australia; Central/South America; Eastern Europe; Middle East; North America; Western Europe,Manufacturer: Ingredients / Additives,"Ashwagandha, Astragalus, Bioactive Compounds - Other",,"No. 86 Wuxing Road,, Chengdu, China",cogon@cogonag4.com,86 18780119399,https://www.cogonag4.com,https://www.ingredientsnetwork.com/chengdu-cogon-bio-tech-co-ltd-comp481481.html,481481
Finno Health Oy,"Finno Health has been working in the health sector since 1974. We are a family owned company producing our own branded products and representing selected medical device and health product brands. We appreciate trust, transparency, and flexibility in our work. From the early days we have valued trust, credibility, and responsibility both in our products and partnerships, no matter if they are suppliers or our customers from hospitals to private consumers trusting our products. We always seek for best and trying to bring new innovative top-class products to market improving people's lives and well being. We also supply our products as private label when requested. We supply liquids, drops, gels, powder and solid doses in different package. Plastic bottles as 100% rPET or glass bottles, drops with pipette, sachets, capsules and tablets. Our factory is FSSC22000, Vegan and Halal certified. We export currently to USA, UK, Ireland, Netherlands, Belgium, Germany, Denmark, Iceland, Norway, Sweden, Finland, Latvia, Lithuania, Poland, Slovakia, Czech, Romania, Bulgaria, Croatia, Austria, South-Africa, Kuwait, Oman, Singapore and Vietnam. We are looking to expand in new markets so if you are interested please contact us. Even in the current markets we do not sell always all of our portfolio so there might be opportunities still also there. We have developed our own branded products with focus on quality and best ingredients. The taste comes mainly from wild hand-picked berries grown in North with the long sunlight hours during the summer. There are no fertilizers or additives used with the berries. So our products hava obtained UK Vegetarian Society Vegan TM for most of SKU`s. Wellcome to our booth for tasting and sampling!",Africa; Asia; Eastern Europe; Middle East; North America; Western Europe,Manufacturer: Finished Beverage Products,"Other Minerals, Other Proteins - Animal, Dietary supplements",,"Karryvayla 4, 60100, Seinajoki, Finland",info@finnomedical.fi,,https://exhibitors.vitafoods.eu.com/vfe26/,https://www.ingredientsnetwork.com/finno-health-oy-comp317487.html,317487
"MP Gokyo Food & Chemical Co., Ltd.","MP Gokyo Food & Chemical Co., Ltd. supplies a wide range of products including hydrocolloids, seasonings, food ingredients, personal care ingredients, pharmaceutical excipients and electronic materials mainly in Japan market. We serve as both a manufacturer and a distributor. As a manufacturer, we provide products such as ""GLYLOID"", Tamarind seed gum, with values based on our technical and quality control capabilities developed over many years. As a distributor, we connect suppliers in the world with customer demand, based on our ability to gather information and strong relationship with markets we cultivated, and supply products that meet the needs of customers. We have expanded our hydrocolloids business globally including North America, Europe and Asia. We also address the laws and import/export operations of each country. Therefore, we can promote international business more smoothly.",,Manufacturer: Ingredients / Additives,"Dietary Fibres, Emulsifiers, Stabilisers, Thickeners, Flavour Enhancers",,"Herbis Osaka 20th Fl., 2-5-25 Umeda, Kita-ku,, Osaka, Japan",global_info@mpgfc.co.jp,,https://exhibitors.figlobal.com/2026fij/,https://www.ingredientsnetwork.com/mp-gokyo-food-chemical-co-ltd-comp314034.html,314034
Thai-Nichi Enterprise,"Since our founding in 1992, we have been committed to delivering delicious, enjoyable, and healthy food to people around the world. Our company also handles plant-based and health-promoting ingredients developed in Japan, aiming to contribute to overall wellness. At this exhibition, we will be showcasing three key products: QOL Natto Bacteria , which has been reported to reduce morning drowsiness, is one of our featured products. Ginger Extract NE , standardized for shogaol content Masking Taste , which can be used in supplements and functional foods Exhibited Products 【QOL Bacillus Natto 】 Reported to improve sleep quality by reducing drowsiness upon waking. Internal monitor studies have confirmed that intake of QOL Natto Bacteria increases skin collagen density. It suggests that it may enhance vitality, improve negative mood states, and help alleviate psychological stress. 【 Ginger Extract NE 】 Ginger-derived polyphenols help maintain surface temperature in peripheral skin areas. Ginger Extract NE contains a high concentration of both ginger polyphenols and ginger extract. Ginger extract has been shown to promote bowel movements in individuals with constipation tendencies. Its effect of suppressing visceral fat accumulation has been confirmed. Its effect of reducing fatigue has been confirmed. 【 Masking Taste 】 Masks unpleasant or distinctive odors found in plant-based foods and protein drinks. Easy-to-use powder form that is effective even at low dosages (0.05–0.15%).",,Raw Material Supplier,"Botanicals, Fish oil, Ginger",Vitafoods Asia 2026; Book a meeting; See our Exhibitor Profile; See full Exhibitor List,"130-132 Sindhorn Tower 3, 19 Floor, Wireless road,Lumphini, Pathumwan, Thailand",TNE@THAINICHI.COM,,https://www.thai-nichi-enterprise.com/,https://www.ingredientsnetwork.com/thai-nichi-enterprise-comp319859.html,319859
LO.LI. PHARMA INTERNATIONAL S.R.L.,"Lo.Li. Pharma International, a dynamic division of the Lo.Li. Pharma group, excels in the global out-licensing of innovative dietary supplements and medical devices. Established in 2012, our company operates from Rome, Italy, extending the reach of the parent group's 20-year legacy in the Italian pharmaceutical market. We specialize in high-quality, scientifically backed products in key therapeutic areas, including gynecology, fertility, endocrinology, and urology, with recent expansions into neuroscience and respiratory care. Our portfolio boasts over 35 unique products, each supported by clinical studies and many holding intellectual property rights. Recognized for our swift global expansion, we are active in over 60 countries, with significant strides in the U.S. and Chinese markets. Our approach is customer-centric, providing comprehensive support in logistics, legal, marketing, and commercial aspects to our partners. We are proud to be ISO 9001 certified and have been acknowledged as a Growth Champion and featured in the ""Winning Stories of Italian Export."" At Lo.Li. Pharma International, we believe in innovation, quality, and a deep understanding of the human body to improve clinical practice and enhance life quality worldwide.",Africa; Asia; Australia; Central/South America; Eastern Europe; Middle East; North America; Western Europe,Distributor,"Iodine, Dietary supplements, Functional food",Vitafoods Europe 2027; Book a meeting; See our Exhibitor Profile; See full Exhibitor List,"Via Tiburtina 912, 00156, Rome, Italy",info@lolipharmainternational.com,,https://www.lolipharmainternational.com/,https://www.ingredientsnetwork.com/lo-li-pharma-international-s-r-l-comp317499.html,317499
Shah TC Distribution LLP,"We are India’s leading force in pharmaceutical ingredient distribution — trusted by global manufacturers and relied upon by top Indian formulators. With a strong team of 100+ skilled professionals across India and China, and a network of multi-location distribution facilities, Shah TC has spent over two decades building the strongest bridge between Asian suppliers and the Indian end-use customers. We are proud to lead the market not just in volume, but in the number of registered APIs actively introduced into the Indian market. Our portfolio spans APIs, Nutraceuticals, Excipients, Intermediates, Solvents, Veterinary and Feed Ingredients — sourced from reliable global partners and backed by regulatory strength. Whether you're a manufacturer, formulator, or innovator — we don’t just deliver products; we deliver confidence, compliance, and continuity.",,Distributor,"Acesulfame-K, Alpha-lipoic acid, Amino acids",,"304, Aggarwal City Square, Mangalam Place, Sector - 3, Rohini, North West Delhi, Delhi, India",info@shahtc.com,,https://exhibitors.figlobal.com/fii26/,https://www.ingredientsnetwork.com/shah-tc-distribution-llp-comp328091.html,328091
Alland & Robert,"Created in 1884, Alland & Robert is a French family company and pioneer in natural tree exudates. Alland & Robert is strongly focused on gum acacia , an entirely natural additive and ingredient used in food products worldwide. Alland & Robert exports to over 70 countries through a network of 40 distributors. With the aim of providing high-quality, low-carbon, plant based solutions for better diets worldwide, Alland & Robert is fully committed to sustainable growth in line with its active corporate social responsibility plan. This vision is supported by a large network of raw material suppliers in Africa and sustainable sourcing, compliance with international certifications, as well as dedicated Research & Development laboratory in partnerships with internationally recognized universities.",Africa; Asia; Australia; Central/South America; Eastern Europe; Middle East; North America; Western Europe,Manufacturer: Ingredients / Additives,"Acacia gum, Dietary Fibres, Dietary Fibres, Prebiotics",Fi Europe 2026; Book a meeting; See our Exhibitor Profile; See full Exhibitor List,"9 Rue de Saintonge, 75003, Paris, France",info@allandetrobert.fr,+33 144592100,https://www.allandetrobert.fr,https://www.ingredientsnetwork.com/alland-robert-comp248696.html,248696
Faravelli,"FARAVELLI is a global first-class distributor of raw materials for the food, animal nutrition, nutraceutical, cosmetics, pharmaceutical, and fine chemical industry. You can find us in Italy, Germany, Czech Republic, Spain, China and the US . We are a team of skilled, passionate, customer-focused professionals. Deep knowledge of the market, transparency, extreme quality of our products and services, steady and long-lasting business relationships with suppliers and customers, R&D investments, marketing and innovation, are at the basis of our activity. We are much more than “just” a distribution company. We are a strategic partner offering top quality ingredients and raw materials served through just-in-time distribution solutions; an integrated approach specifically meant to offer a wider range of opportunities, and bring more synergies to customers’ advantage. We are FARAVELLI, the Best ingredient for your success.",Asia; Central/South America; Eastern Europe; Middle East; North America; Western Europe,,"Acesulfame-K, Acetic acid, Additives incl. Flavourings & Colours",Fi Europe 2026; Book a meeting; See our Exhibitor Profile; See full Exhibitor List; Vitafoods Europe 2027,"Via Medardo Rosso, 8, 20159, Milano, Italy",,+39 02 697171,https://www.faravelli.it,https://www.ingredientsnetwork.com/faravelli-comp248963.html,248963
Ecuadorian Rainforest LLC,"Ecuadorian Rainforest: Your Source for Quality Nutraceuticals and Bulk Ingredients. Ecuadorian Rainforest LLC (ER) has been a reliable supplier of bulk extracts, wholesale nutraceuticals, and bulk herbs for over 25 years. With expertise in natural ingredients, we offer a comprehensive range of dietary supplement ingredients, functional foods, and herbal supplement ingredients to the health and nutrition industries. Looking for the best quality nutraceutical products sourced from top suppliers in the industry? Look no further than Ecuadorian Rainforest! Our commitment to purity ensures that our ingredients are of the highest quality. As your one-stop-shop for all your nutraceutical needs, we offer a wide range of herbal medicine and functional ingredients. Trust us to provide you with the best possible nutraceutical products. Our Certifications include: QAI Organic / BIO Certified Kosher Certified (Star-K)Halal Certified (American Halal Foundation) Vegan Certified (BeVeg) Our signature products include a variety of functional ingredients such as: Acacia Acerola Banana Bladderwrack Blueberry Cat’s Claw Chanca Piedra Irish Moss Kelp Mastic Gum Choose Ecuadorian Rainforest for your bulk ingredient needs and experience the quality and diversity of our nutraceutical products. So why wait? Trust Ecuadorian Rainforest to deliver the highest quality nut...",Africa; Asia; Australia; Central/South America; Eastern Europe; Middle East; North America; Western Europe,Raw Material Supplier,"Acai, Arabinoxylan, Blue-Green algae",Vitafoods Europe 2027; Book a meeting; See our Exhibitor Profile; See full Exhibitor List,"222 Getty Ave Clifton, 07011, New Jersey, United States",info@intotherainforest.com,973-759-2002,https://www.intotherainforest.com,https://www.ingredientsnetwork.com/ecuadorian-rainforest-llc-comp307432.html,307432
Bioriginal Europe / Asia,"Bioriginal is one of the world’s leading suppliers of omega 3-6-9, organic protein, and nutraceutical products. We are a global leader with three decades of expertise, and are specialized in crafting natural nutritional ingredients, foods, and supplements for both human and animal nutrition sectors. We've earned unwavering trust globally, enabling clients to develop innovative, effective, and wholesome products spanning food, beverages, and dietary supplements. Our Diverse Product Range: Plant and Marine-Based Specialty Oils: Derived from nature's finest sources, these oils form the foundation of our nutritional solutions. Plant-Based Proteins: We harness plant power to deliver premium protein solutions across diverse applications. Nutraceuticals: Our natural compounds are tailored to enhance health and well-being. Recognizing the importance of versatility, we provide a wide range of product formats and packaging options. From capsules and softgels to bottles and tailored solutions, our adaptability caters to both branded and private label products. This flexibility empowers our clients to shine in the fiercely competitive market. Our cutting-edge manufacturing facilities are strategically positioned in Canada, the USA, and Europe, ensuring proximity to key markets and efficient global distribution. With offices in Anaheim, CA, Den Bommel, The Netherlands, and Yokohama, Japan, we maintain a robust international presence, fostering strong connections with clients and partners worldwide.",Africa; Asia; Eastern Europe; Middle East; Western Europe,Manufacturer: Ingredients / Additives,"Algae, Algae oil, Amino acids",Vitafoods Europe 2027; Book a meeting; See our Exhibitor Profile; See full Exhibitor List,"Bosland 40, 3258 AC, Den Bommel, Netherlands",business@bioriginal.nl,,https://www.bioriginal.nl,https://www.ingredientsnetwork.com/bioriginal-europe-asia-comp307395.html,307395
Ohly GmbH,"Ohly® is one of the world's leading suppliers of yeast derivatives and culinary powders for the global food, biotechnology, human, and animal health markets. The company offers a wide range of multifunctional specialties based on natural baker's and torula yeast. Founded in 1836 as ‘Heinrich Helbing Korndestillerie’ in Hamburg, Germany, Ohly has a long history in fermentation, PRECISION EXTRACTION® and spray drying technology. Today, the company has an additional production site in Wisconsin, US, and a Customer Innovation Centre in Chicago. This year, Ohly is commissioning its newest spray drying tower and a new fermentation facility in Hamburg. Throughout the years, Ohly has unwaveringly maintained its commitment to consistent high quality, exceptional taste, and natural ingredients, which continue to define every product the company offers. Solutions: OHLY® - Natural fermentation-based solutions for balancing flavour and function. PRODRY® - Culinary powders to deliver a delicious and authentic flavour experience. X-SEED® - Exceptional consistent nutrients for reproducible and robust fermentation performance.",Africa; Asia; Australia; Central/South America; Eastern Europe; Middle East; North America; Western Europe,Manufacturer: Ingredients / Additives,"Additives incl. Flavourings & Colours, Amino acids, Bioactive Compounds - Other",Fi Europe 2026; Book a meeting; See our Exhibitor Profile; See full Exhibitor List,"Wandsbeker Zollstrasse 59, D-22041, Hamburg, Germany",info@ohly.com,+49 40 68 293 0,https://www.ohly.de,https://www.ingredientsnetwork.com/ohly-gmbh-comp248802.html,248802
Advantic Sp. z o.o.,"Advantic Sp. z o.o.. is a Polish importer and distributor of high-quality raw materials and functional ingredients for the food, dietary supplement and animal feed industries. For over 10 years, we have been helping manufacturers source reliable, high-quality ingredients from trusted suppliers around the world. We work with qualified and carefully selected partners from Asia and Europe to ensure consistent quality, availability and supply continuity. We offer a wide range of raw materials and functional ingredients supporting the production processes of our customers. - Food ingredients: flavour enhancers, acidity regulators and preservatives, amino acids, thickeners and stabilisers, yeast products - Dietary supplement ingredients: mineral salts, amino acid chelates ADVACHEL®, vitamins (A, B, C, D, E and K), probiotics,plant extracts - Animal feed ingredients: amino acids, feed yeast, vitamins, mineral salts, acidity regulators polyphenols, enzymes, prebiotics and probiotics, hydroxyfluorides Advantic S.A. is the exclusive distributor of AFP Pro amino acid chelates under the ADVACHEL® brand and the exclusive representative in Poland of Enzym Food Solutions, a leading supplier of advanced yeast-based ingredients. Today, our growing international customer base spans Europe and markets worldwide, with long-standing partnerships in Poland, Hungary, Slovakia, the Czech Republic, Belgium, Germany, Austria, Ireland, France, Spain, Romania, Australia, the UAE and Thailand Our experienced team combines scientific expertise with strong commercial knowledge, allowing us to provide not only high-quality raw materials, but also reliable solutions, technical support and professional customer service. At Advantic, we believe that the best partnerships are built on quality, trust, flexibility and long-term cooperation.",Australia; Eastern Europe; Middle East; Western Europe,Distributor,"Acidulants, Amino acids, Antioxidants",Fi Europe 2026; Book a meeting; See our Exhibitor Profile; See full Exhibitor List,"ul. Michala Wolodyjowskiego 11, 05-660, Warka, Poland",contact@advantic.com.pl,+48 607967258,https://advantic.com.pl/,https://www.ingredientsnetwork.com/advantic-sp-z-o-o-comp317464.html,317464
Colorcon Limited,"Colorcon is a world leader in the design and development of specialty excipients and functional packaging for solid oral dosages for the pharmaceutical and nutritional industries. Our label friendly excipients and film coatings are designed for the unique needs of dietary and food supplement suppliers. We deliver superior product quality, unparalleled technical support, extensive regulatory assistance, and reliably supply from multiple locations With Colorcon as a development partner, our customers produce cost effective high quality products with superior performance and appearance.",Africa; Asia; Australia; Central/South America; Eastern Europe; Middle East; North America; Western Europe,Manufacturer: Ingredients / Additives,"Emulsifiers, Stabilisers, Thickeners, Maize, Other Additives",Vitafoods Europe 2027; Book a meeting; See our Exhibitor Profile; See full Exhibitor List,"Flagship House Victory Way Crossways, DA2 6QD, Dartford, United Kingdom",kavril@colorcon.com,,https://www.colorcon.com,https://www.ingredientsnetwork.com/colorcon-limited-comp307417.html,307417
"SUZHOU VITAJOY BIO-TECH CO., LTD","Vitajoy was established in 2005 and based in Suzhou, China. Suzhou Vitajoy Biotech Co.,Ltd, as a bio-tech leader in the integration of research, production and trade, has been committed to the research & development, manufacturing and sales of amino acids, herbal extracts, soft gels, gummies, and nutritional supplements, which amount to over 400 different raw materials and finished goods. What’s more, adapting to the market demands, Vitajoy succeeds in providing a one-package service as a complete solution program for our customers, ranging from raw material supply, formulation, finished goods, and product manufacturing. We have locations world wide in the USA, Europe, and China, which makes Vitajoy “your total solutions ingredient partner”. In 2005, Mr. Dan Gu decided to leave his current job and start Suzhou Vitajoy Biotech. Mr. Gu saw the global opportunity for supplying high quality nutraceuticals as well as the importance for providing a high level of customer service, which was lacking in the industry at the time. Over the course of the next 15 years, Vitajoy would grow to become one of the largest suppliers in the world. In 2007, Mr. Gu brought his vision to one of the most highly sought-after markets in the world, The United States. From there Vitajoy USA was created and set up 3 strategic locations, California, Georgia, and New Jersey. With these 3 strategically located warehouse, Vitajoy USA was able to reach more customers in a shorter period of time. Vitajoy Biotech has also set up a HQ in The Netherlands to better service their European customers. Our Vision is to provide a level of customer service & experience, along with high quality ingredients at a competitive price. Vitajoy also looks to provide a variety of ingredients and services to our partners that allows greater synergies & efficiencies. Our mission is to provide timely, accurate, and trusted business solutions to our customers within the enviro...",Africa; Australia; Central/South America; Middle East; Western Europe,Contract Manufacturer,"Other Amino acids, Other Herbs, Other Minerals",Vitafoods Europe 2027; Book a meeting; See our Exhibitor Profile; See full Exhibitor List,"B13-102, No 192, Tinglan Lane Industrial Park, 215026, Suzhou, China",,86-13913589409,https://exhibitors.vitafoods.eu.com/vfe27/,https://www.ingredientsnetwork.com/suzhou-vitajoy-bio-tech-co-ltd-comp307603.html,307603
St. Anne's Factory (Pvt) Ltd,"St Annes Factory is company based in Sri Lanka engaged in manufacturing Organic and non Organic Coconut kernel based products as both Food Ingredients and Final consumer ready to eat foods. Since 1953 the company has been family owned and has developed their own supply chain or farmers who have been continuously supplying the company since its inception, this is a strength of the company as their integrity and ability to honour the suppliers ensures a constant flow of raw materials for uninterrupted production. St Anne's Factory has also inward integrated by having their own plantations of Coconut to strengthen their supply chain and provide back to the ecology of Coconut farming. Currently a market leader in Sri Lanka, the company ensures the age old recipe of fresh coconut processing is retained in all its products allowing the company to always maintain a competitive advantage over the competition. As part of the new outreach policy St Annes Factory is hoping to reach overseas buyers directly to provide better pricing and quicker lead times.",Western Europe,Contract Manufacturer,"Coconut oil, Coconuts, Fats & Oils - Plant",Fi Europe 2026; Book a meeting; See our Exhibitor Profile; See full Exhibitor List,"Daluwa Mampuri, 61341, Puttalam, Sri Lanka",ceo@cocoana.com,+94777714888,https://www.cocoana.com,https://www.ingredientsnetwork.com/st-anne-s-factory-pvt-ltd-comp481927.html,481927
EMBOCAPS,"Companies that want the best use Embocaps® Empty Hard Capsules. Industry benchmark for capsule filling performance. Est 1973, one of the largest capsule supplier globally, publicly traded, same ownership since inception, vertically integrated. Supplying all major markets. Ask us about the FDA clarification on the simplicity of changing capsule suppliers in registered products. 000 thru 5 available in various shell composition (Gelatin and HPMC) and functional combinations. Hard Capsules by EMBO CAPS® are suitable for pharmaceutical and nutraceutical applications and are supported with all sorts of certifications (ISO, GMP, Vegan, Kosher, Halal, etc.)",,Manufacturer: Ingredients / Additives,"Dietary supplements, Encapsulating, Enzymatic processing",Vitafoods Europe 2027; Book a meeting; See our Exhibitor Profile; See full Exhibitor List,"Ludwig-Erhard-Straße 30-34 Hesse, 65760, Eschborn, Germany",grace@embocaps.com,,https://www.suheung.com/,https://www.ingredientsnetwork.com/embocaps-comp307602.html,307602
Novolite,"Since its establishment in 2013, Shanghai Trilives Biotech has grown into a leading service provider in China’s nutraceutical industry, specializing in customized solutions for both ingredients and finished products. We collaborate with over 50 premium ingredient suppliers and more than 20 certified CDMOs worldwide, offering a portfolio of over 500 formulations. Our finished product solutions cover a wide range of health areas, including hair care, cognitive health, eye health, skin care, cardiovascular support, blood glucose management, and gut health. These products are available in multiple dosage forms, such as softgels, capsules, tablets, sachets, liquids, gummies, and oral strips. With strong capabilities in formulation design, ingredient sourcing, regulatory compliance, customs clearance, and global logistics, we provide comprehensive turnkey solutions tailored to meet our customers’ needs. In addition, we supply authentic botanical extracts with full-spectrum profiles, sourced from China.",Asia,Contract Manufacturer,"Algae, Botanicals, Carotenoids, Flavonoids, Astragalus, Botanicals",Vitafoods Europe 2027; Book a meeting; See our Exhibitor Profile; See full Exhibitor List,"1633 Bayshore Highway, Suite 301, CA 94010, Burlingame, United States",jack@berkeley-solutions.com,,https://www.trilives.com.cn,https://www.ingredientsnetwork.com/novolite-comp324298.html,324298
Spice Services,"European Spice Services nv is a one-stop shop for food safe spices, herbs and air-dried vegetables. Our products are purchased from selected quality suppliers in the country of origin. We can offer our European clients direct container deliveries or a logistic distribution solution. Since its incorporation in 2003, the company has grown into one of Europe’s leading players in this colourful and tasteful niche.",Africa; Asia; Australia; Central/South America; Eastern Europe; Middle East; North America; Western Europe,Distributor,"Other Herbs, Other Spices, Other Vegetables",Fi Europe 2026; Book a meeting; See our Exhibitor Profile; See full Exhibitor List,"Kleine Dweersstraat 75, 9140, Temse, Belgium",info@spiceservices.com,+32 37105732,https://www.spices.be,https://www.ingredientsnetwork.com/spice-services-comp252048.html,252048
LAUTA CARRAGEENANS,"Lauta Carrageenans Ltd., established in 2008, operates from its headquarters located in Nanjing, China. Renowned as a pioneer in technological innovation, Lauta Carrageenans specializes in the production of high-quality carrageenans. Our cutting-edge manufacturing facility in China, coupled with the utilization of advanced technologies and effective management practices, ensures that our products consistently meet the latest standards set by the food industry. We pride ourselves on being the leading producers of semi-refined kappa carrageenan, refined kappa carrageenan, and semi-refined iota carrageenan. Committed to delivering optimal solutions in functional food, dietary supplements, and other applications, Lauta Carrageenans focuses on sustainability throughout our operations. We recognize the importance of environmental responsibility and strive to minimize our ecological footprint at every stage of production. By sourcing carrageenans from sustainable suppliers and implementing eco-friendly practices in our manufacturing processes, we contribute to the preservation of marine ecosystems and support the long-term viability of red seaweed cultivation.",Africa; Asia; Australia; Central/South America; Eastern Europe; Middle East; North America; Western Europe,Manufacturer: Ingredients / Additives,"Alginic acid - alginates, Carrageenan, Iodine",Fi Europe 2026; Book a meeting; See our Exhibitor Profile; See full Exhibitor List,"no. 26 road hongwu, 210002, Nanjing, China",m.radzimirska@customfiber.com,+48 600 323 693,https://www.carrageenans.com,https://www.ingredientsnetwork.com/lauta-carrageenans-comp270545.html,270545
Herbal Creations,"Established in the year 1979 at Nainital in Uttarakhand, Herbal Creations is one of the rapidly emerging Manufacturers, Exporters and Suppliers of Phytochemicals and Herbal Extracts with an ISO 9001:2008 certification. Under the efficient headship of the Managing Director Mr. Sugam Saraswat, we have gained expertise in the finer nuances of this domain. The company follows GMP measures in the entire work processes it undertakes.",,Manufacturer: Ingredients / Additives,"Ashwagandha, Bacopa, Bioactive Compounds - Other",Vitafoods Europe 2027; Book a meeting; See our Exhibitor Profile; See full Exhibitor List,"Village Nayagaon Chandan Singh Block Kotabagh, Kaladhungi,(Dist) Nainital, 263139, Uttarakhand, India",office@herbal-creations.com,,https://www.herbal-creations.com,https://www.ingredientsnetwork.com/herbal-creations-comp475420.html,475420
"SCFoods, Sumitomo Corporation Europe Ltd.","SCFoods, Sumitomo Europe Ltd. has been active in international trade, business development, and investment for more than a century, connecting producers and customers across global markets. In the food sector, its activities go beyond traditional trading and include investments and participation throughout the supply chain, providing practical insight into sourcing, processing, and market development. The food ingredients business supplies a broad range of ingredients to food and beverage manufacturers worldwide, with a particular focus on Japanese-origin products. Through long-standing relationships in Japan and other producing regions, it provides reliable access to high-quality raw materials backed by strong sourcing and quality management capabilities. A key area of expertise is specialty citrus ingredients, particularly yuzu. Unlike many ingredient suppliers, the business is involved not only in the marketing and distribution of yuzu products but also in upstream processing activities in Japan. Through its own yuzu processing operations, it offers direct access to a wide range of ingredients, including juice, peel, puree, and essential oil, ensuring consistent quality, traceability, and long-term supply stability. Working closely with customers, the organization supports the development of applications across beverages, confectionery, dairy, bakery, and savoury foods. By combining global market reach with direct involvement in sourcing and processing, it provides practical, reliable ingredient solutions tailored to the needs of international food and beverage manufacturers.",,Import / Export Services,"Fats & Oils, Flavouring preparation, Flavourings",Fi Europe 2026; Book a meeting; See our Exhibitor Profile; See full Exhibitor List,"Calle Infanta Mercedes 90, Planta 7, 28020, Madrid, Spain",bjorn.fischer@sumitomocorp.com,0034646355346,https://www.sumitomocorp.com,https://www.ingredientsnetwork.com/scfoods-sumitomo-corporation-europe-ltd-comp480271.html,480271
Deretil Nature S.L.U.,"Deretil Nature began its industrial journey in 2013 as a result of the decision adopted by the Deretil Group to increase its commitment and dedication to the segments of functional food and cosmetics, through the creation of a new company serving these markets. Deretil, SA has manufactured Alantoin and other active ingredients for the cosmetics and nutraceuticals sectors for more than a decade and has been dedicated to research and development, manufacturing and marketing of raw materials for the preparation of products for more than 55 years. semisynthetic antibiotics most widely used today. He also has extensive knowledge and consolidated experience in processes of Good Manufacturing Practices, in line with the international regulations of the FDA (US Food and Drug Administration). Deretil Nature is established to supply the market for cosmetics, food supplements, human and animal nutrition with its products adapted to the highest standards of quality and competitiveness. Why choose Deretil Nature? International manufacturer with extensive experience in specialized products. Ability to research and collaborate with clients. Customer service: flexible and efficient, giving quick responses to market needs. Commitment to quality and seriousness, capacity and habits of Production, Control and Quality Assurance. Logistics and commercial experience, which allows a service capacity to any part of the world. Quality oriented to the product and service, a duty in the management of priorities. Implementation of the electronic market with customers and suppliers. Commitment to economic and social development.",,Manufacturer: Ingredients / Additives,"Bioactive Compounds - Other, Bioactives Other, Oligomeric Proanthocyanidins",Vitafoods Europe 2027; Book a meeting; See our Exhibitor Profile; See full Exhibitor List,"Carrer Llull,321, 08019, Barcelona, Spain",Manuel.Santiandreu@deretil.com,,https://www.deretilnature.com,https://www.ingredientsnetwork.com/deretil-nature-s-l-u-comp307425.html,307425
First Grade International,"We are a leading supplier of high-quality bulk food ingredients to food and drink manufacturers across the UK and Europe. We are the UK’s largest importer and supplier of coconut ingredients, offering an extensive range of high-quality coconut products sourced through long-term partnerships with trusted growers and producers across the globe. Our coconut range includes desiccated coconut, coconut milk and cream powders, coconut water, coconut oils and other coconut derivatives, providing solutions for a wide range of food and beverage applications. We work with some of the biggest names in the food industry, providing reliable supply, consistent quality and expert support. Our team brings years of experience within the food industry, supported by strong relationships with respected producers and market leaders around the world. We hold a number of industry accreditations, including the BRC Agents and Brokers Standard and Soil Association approval, and are members of Campden BRI. Whether you are looking for a reliable source of coconut ingredients or exploring new ingredient solutions, we work closely with our customers and suppliers to deliver quality, consistency and dependable supply..",Asia; Eastern Europe; North America; Western Europe,Raw Material Supplier,"Coconut oil, Coconuts, Bakery",Fi Europe 2026; Book a meeting; See our Exhibitor Profile; See full Exhibitor List,"Coconut House, Tay Court Bromsgrove Enterprise Park, Isidore RD, B60 3FQ, Bromsgrove, United Kingdom",bulksales@fg-int.co.uk,+44 (0) 1564 731980,https://www.fg-int.co.uk/,https://www.ingredientsnetwork.com/first-grade-international-comp480579.html,480579
Terezia Company s.r.o.,"We are a purely Czech company that has been developing, producing, and distributing its own products made from medicinal mushrooms and plants for more than 30 years. Our philosophy is to provide people with the highest amount of effective natural substances in their most natural form, processed using the gentlest technologies and without chemical additives. Thanks to our innovative approach, which we have maintained since the beginning, all our products are the result of our own development and are produced in our certified production facilities. Each batch of ingredients is thoroughly analyzed by independent laboratories, and the quality of our products is further confirmed by certificates from reputable institutions. Our portfolio includes products in the following categories: Mushroom and plant-based food supplementsFood supplements for children Medical devices Vitamins and minerals Cosmetics Why choose our products? We develop and produce our own products with unique recipes (combinations of herbs or herbs with mushrooms) Most of our products are purely natural or based on natural ingredients You can use our products long-term without interruption Most of our supplements are gluten-free, and many are also suitable for vegetarians and vegans We produce all our products in our own certified facilities Certified production as a guarantee of quality With our own certified production facilities, we supervise the entire production process to ensure maximum purity and quality. High-quality ingredients always come first High-quality raw materials are the foundation of all our products. As our food supplements are designed to be an extra benefit for the human body, the quality of the raw materials is our top priority. Each natural ingredient we use comes from long-term, trusted suppliers. We maintain close relationships with them, regularly verifying that they continuously meet the highest standards. We pay regular on-site visits to our suppliers to ensure that high cultivation standards, without the use of chemicals, are consistently upheld. Many of our mushrooms are cultivated directly for us. Thanks to our collaboration with university specialists, we use special strains with the highest active substance content.",Africa; Asia; Eastern Europe; Middle East; Western Europe,Manufacturer: Finished Food Products,"Beta-glucans, Garlic, Other Antioxidants",Vitafoods Europe 2027; Book a meeting; See our Exhibitor Profile; See full Exhibitor List,"Na Navrsi 997/14, 14100, Prague, Czech Republic",info@terezia.eu,,https://www.terezia.eu/en,https://www.ingredientsnetwork.com/terezia-company-s-r-o-comp307611.html,307611
Nordmann Rassmann GmbH,"Nordmann, Rassmann GmbH, headquartered in Hamburg, Germany, is the managing company of the international Nordmann Group. Founded in 1912, Nordmann has remained an independent, family-owned business and is part of Georg Nordmann Holding AG. With subsidiaries across Europe, Asia and North America, Nordmann is one of the leading international distributors of natural and chemical raw materials, additives and specialty chemicals. Our global presence – with direct local connections at 25 locations worldwide – allows us to support customers in all major processing industries, including Health Care and Nutrition, in the safe, efficient and innovative production of their goods. At Nordmann, success is built on strong relationships with customers and suppliers, complemented by an extensive portfolio of high-quality, technically advanced raw materials and individual service solutions tailored to specific applications. We act as a vital link between international manufacturers and the processing industry, bringing deep technical expertise and market knowledge to fast‑growing segments such as dietary supplements, functional foods and health‑focused formulations. Come and find out more about us at stand 41K27.",Asia; Eastern Europe; North America; Western Europe,Distributor,"Bioactives Other, Emulsifiers, Stabilisers, Thickeners, Lecithins",Fi Europe 2026; Book a meeting; See our Exhibitor Profile; See full Exhibitor List; Vitafoods Europe 2027,"Kajen 2 Hamburg, 20459, Hamburg, Germany",info@nordmann.global,+49 40 3687 0,https://www.nordmann.global,https://www.ingredientsnetwork.com/nordmann-rassmann-gmbh-comp267963.html,267963
Basic Nutrition Co. Ltd,"We offer nutraceutical ingredients from our primary facilities with food certs, and respecting EU food legislation for pesticides, residues. We offer small to large quantities of wide range products: Extracts, Amino acids, Vitamins, etc. Featured items: Spirulina BIO, Lutein, Q10, HA, Glutathione, Rhodiola, Cranberry, NMN, Ferulic acid, Folic acid",Africa; Asia; Australia; Central/South America; Eastern Europe; Middle East; North America; Western Europe,Contract Manufacturer; Distributor; Raw Material Supplier,"Acesulfame-K, Amino acids, Aspartame",Fi Europe 2026; Book a meeting; See our Exhibitor Profile; See full Exhibitor List; Vitafoods Europe 2027,"No. 406 Pole Tower no. 425 Yishan Road, 200235, Shanghai, China",,+86-21-336 33133,https://www.basicnutrition.com.cn,https://www.ingredientsnetwork.com/basic-nutrition-co-ltd-comp249754.html,249754
Globofarm International Pvt Ltd,GLOBOFARM INTERNATIONAL PVT. LTD. is an active supplier in Asian and EU pharma market and are valid suppliers for nutraceutical ingredients. We see you have extensive range of supplements for which we can provide. Please let me know if you are interested in purchasing our ingredients. We have successfully manufactured the very first all Vegan/ Vegetarian Natural Vitamin D3 Available in Oil/Powder Form Manufactured in India and we are exclusive suppliers for the same. Please let us know your interest for the same to share more details with you regarding our product ! We would love to work with you for the below mentioned vitamins and ingredients we can offer for both Pharma and foods grade (nutra grade). Exclusive Products : Vegan Vitamin D3. Benfotiamine Palmitoylethanolamide (PEA) L-Glutathione reduced Melatonin Citicholine /citicoline Folic Acid L - Methylfolate Alpha Keto analogues,Asia; Eastern Europe; Middle East; Western Europe,Raw Material Supplier,"Bioactive Compounds - Other, Citicoline, Glutathione",Vitafoods India 2027; Book a meeting; See our Exhibitor Profile; See full Exhibitor List,"4-B 4TH FLOOR SATURN BUILDING, NEAR LAXMI NARAYAN TEMPLE, SANTACRUZ WEST, MUMBAI, India",anushreejain@globofarm.net,,https://exhibitors.vitafoodsindia.com/2027vfi/,https://www.ingredientsnetwork.com/globofarm-international-pvt-ltd-comp312985.html,312985
Henry Lamotte Oils GmbH,"As a leading supplier and producer, we at Henry Lamotte Oils gain high-quality oils , vegetable butter , waxes , seed flours and oleoresins from nature's plenty. Our customers work worldwide in the industry sectors foods , cosmetics , pharmaceuticals , animal nutrition and care as well as chemistry and technology . Selected suppliers worldwide, ongoing close contact with the raw material markets, our own production and storage capacities , comprehensive and customer-focused service, first-class proprietary quality control and product development combined with a wide range of quality accreditations guarantee our competitiveness. Many of our products are invisible stars of the food sector. As true all-rounders, they provide special and exotic flavours , are natural elements of a varied diet or act as nutrient suppliers , flavour carriers and colouring agents . They perform their tasks in the production of convenience products , sauces , bakery products , confectionery , delicatessen , cereals , spreads , snacks , beverages as well as seasoning and colouring ingredients . As a partner to both the processing industry and retail, we use our know-how, flexibility and passion for our products to ensure that you get the quality you need. Along the value chain, we master quality requirements and create individual solutions that meet the demands of an increasingly demanding market. Our sister company Henry Lamotte Food GmbH supplies high-quality products for food production and food trade. Henry Lamotte Services GmbH provides commercial support to both companies.",Asia; Australia; Central/South America; Eastern Europe; Middle East; North America; Western Europe,Contract Manufacturer; Distributor; Manufacturer: Finished Food Products; Manufacturer: Ingredients / Additives; Raw Material Supplier,"Acai, Additives incl. Flavourings & Colours, Algae oil",Fi Europe 2026; Book a meeting; See our Exhibitor Profile; See full Exhibitor List; Vitafoods Europe 2027,"Merkurstraße 47, 28197, Bremen, Germany",info@lamotte.de,+49 42152390,https://www.lamotte-oils.de,https://www.ingredientsnetwork.com/henry-lamotte-oils-gmbh-comp279235.html,279235
"Qingdao Nutralong Pharmachem Co., Ltd.","Established in 2010, Nutralong is striving to become the leading supplier in the integration of R&D, Production and Distribution. We provide the raw ingredients including natural sweeteners, joint health, specialties, vitamins, minerals, amino acids and herbal extracts, etc. Our factory, strategically located in Shanghai, manufactures the finished product and solutions based on the cutting-edge technology and two decades’ experiences. We have 8 professional warehouses service at US, EU and China with stable stock for our advantage products to provide the prompt DDP delivery servise. We’re probably the most diligent team in China and always serve 7*24 hours, because our aim is to become the pacesetter among Chinese suppliers in the industry.",Australia; Eastern Europe; North America; Western Europe,Raw Material Supplier,"Chondroitin sulfate, Glucosamine, Other Amino acids",Vitafoods Europe 2027; Book a meeting; See our Exhibitor Profile; See full Exhibitor List,"No. 20, Zhuzhou Road, 266101, Qingdao, China",lucy@nutralong.com,86 13853212106,https://www.nutralong.com,https://www.ingredientsnetwork.com/qingdao-nutralong-pharmachem-co-ltd-comp309060.html,309060
Spaichinger Nudelmacher GmbH,"Spaichinger Nudelmacher is part of the ALB-GOLD group, one of the major pasta manufacturers in Germany. For more than 160 years we have been producing pasta in Spaichingen. With a young, creative team and the latest production facilities, we are now able to produce more than 300 different shapes of pasta with a great variety of raw materials: chickpea fusilli, spelt linguine, gluten-free tomato-chili pasta or just traditional Swabian Spaetzle. Almost everything is possible. We are able to supply pasta for Processing Industry for all kinds of demands. Our pasta is suitable for - strong sterilization process - for dry soups - mixing with powders - instant or ready meals Our product range varies from - chickpea-, lentil - or buckwheat pasta - durum or spelt noodles in different shapes - gluten-free pasta - up to particular combinations of raw materials Our standard is the highest quality, competent support and service and rapid implementation. We are curious, creative and hold on to solid business partnerships with customers and suppliers. We are looking forward to meeting you on our booth - Visit us at the German Pavilion!",Western Europe,Contract Manufacturer,"Bakery, Cereal and grain products, Egg products",Fi Europe 2026; Book a meeting; See our Exhibitor Profile; See full Exhibitor List,"Eschenwasen 7-9, D - 78549, Spaichingen, Germany",info@spaichinger.com,+49 7429 9823990,https://www.spaichinger.com,https://www.ingredientsnetwork.com/spaichinger-nudelmacher-gmbh-comp251394.html,251394
Altuntas Baharat San. Ve Tic. A.S.,"Established in 1971 in Denizli, Turkey, ALTUNTAŞ specializes in culinary herbs, seeds, medicinal herbs, roots, and special products. Our mission is to be the reliable and pure spice manufacturer with higher, standardized quality above the industry norms. We seek perfection to match our client specifications at all times. We operate in two factories: Altuntaş Baharat San. ve Tic. A.Ş. and Altuntaş Agro Tarım San. ve Tic. A.Ş, which are under Altuntaş Group of Companies. Our companies are located in Denizli City Center and Denizli Free Zone respectively. Core values to us are purity, flexible lead times, and satisfaction of our clients and business partners. We utilize our geographical advantage and make direct purchases from a vast network of suppliers and farmers. Our production facilities, equipped with state-of-the-art equipment ensure full compliance with customer requirements and food legislation around the World. Altuntaş is a well-known, globally recognized, reliable supplier, offering the full range of herbs, spices, and special items to clients across the Globe.",Asia; Australia; Central/South America; Eastern Europe; North America; Western Europe,Manufacturer: Ingredients / Additives,"Basil, Botanicals, Chervil",Fi Europe 2026; Book a meeting; See our Exhibitor Profile; See full Exhibitor List,"Bozburun Mahallesi Bozburun Caddesi No:9/A, 20040, Denizli, Türkiye",info@altuntas.com.tr,+90 258 371 03 23,https://exhibitors.figlobal.com/fie26/,https://www.ingredientsnetwork.com/altuntas-baharat-san-ve-tic-a-s-comp284349.html,284349
Spice United,"Spice United Europe B.V. is a Dutch company ​​specialized in the import, distribution, and sales of high-quality spices from Madagascar, such as cinnamon, cloves, pepper, and other exotic spices and Vanille BV, also Dutch, is specialized in various vanilla products, with a partner supplier in Madagascar and production in-house we are a flexibel and reliable partner in vanilla. From (organic) vanilla beans till vanilla paste or vanilla extract, all is produced in own productionplants and tailor made recipes is our specialty. Both companies work on certifications as IFS or FCSS. We aim for longterm relationships with suppliers and clients.",Eastern Europe; Western Europe,Raw Material Supplier,"Other Spices, Spices, Vanilla",Fi Europe 2026; Book a meeting; See our Exhibitor Profile; See full Exhibitor List,"Neerloopweg 53, 4814 RS, Breda, Netherlands",edgarleurink@spiceunited.nl,+31387854527 +31622055058,https://www.spiceunited.nl       www.vanille.nl,https://www.ingredientsnetwork.com/spice-united-comp476648.html,476648
Import Promotion Desk,"Cost- and risk-optimized sourcing from new markets Do you want to import natural ingredients? Are you looking for high-quality products and reliable suppliers? We support you in your sourcing - free of charge and neutral. At FiE we connect you with suitable exporters. IPD - the initiative for import promotion in Germany - opens up new attractive suppy sources in selected developing and emerging countries for European importers and arranges direct contact with carefully evaluated producers. IPD enables small and medium-sized companies in partner countries to gain access to the European market and supports them in establishing sustainable trade relations. The aim is to integrate the partner countries into global trade and thus contribute to sustainable economic development in these countries. At FiE IPD presents producers who have been visited and carefully evaluated by IPD. We take into account criteria such as product quality, exportability and capacity as well as the fulfilment of international standards and certifications. Currently, IPD arranges contacts with exporters from the following partner countries: Egypt, Ethiopia, Ecuador, Ivory Coast, Ghana, Kenya, Indonesia, Colombia, Madagascar, Morocco, Nepal, Peru, Sri Lanka, Tunisia, Ukraine, and Uzbekistan. IPD is funded by the Federal Ministry for Economic Cooperation and Development (BMZ). Get in touch with us. We connect you with reliable producers.",Central/South America; Eastern Europe; Western Europe,"Food Safety, Quality and Service; Government /Pavilion Organiser /Trade Association","Acai, Annatto, bixin, Annatto, norbixin",Vitafoods Europe 2027; Book a meeting; See our Exhibitor Profile; See full Exhibitor List,"Alexanderstr. 10, 53111, Bonn, Germany",fluck@importpromotiondesk.de,+49 30 590099 596,https://www.importpromotiondesk.com,https://www.ingredientsnetwork.com/import-promotion-desk-comp249590.html,249590
Advanced Biotech Europe GmbH,"Advanced Biotech is a leading supplier of raw materials to the flavor and fragrance industry. We strive to provide only the highest quality flavors and fragrance ingredients and are one of the leading suppliers of raw materials to the industry. From our Natural Flavoring substances to Essential Oils and Pyrazines, you will find the vast array of products that we produce are all held to the same high standards.",Africa; Asia; Australia; Central/South America; Eastern Europe; Middle East; North America; Western Europe,,"Additives incl. Flavourings & Colours, Flavouring preparation, Flavouring substance",Fi Europe 2026; Book a meeting; See our Exhibitor Profile; See full Exhibitor List,"Flughafendamm 11, 28199, Bremen, Germany",aisernia@adv-bio.com,+1 973 357 0577,https://www.adv-bio.com,https://www.ingredientsnetwork.com/advanced-biotech-europe-gmbh-comp267846.html,267846
Ocean Spray Ingredient Technology Group,"Ocean Spray Professional creates innovative cranberry ingredients to suit your needs! Ocean Spray’s success in bringing cranberries to food and beverages manufacturers has secured its place as one of the world’s leading fruit ingredient suppliers. Different cranberries add value to products in breakfast cereals, confectionery, dairy, salads, snacks and bakery! Get to know the newest innovative cranberry ingredients - Crunchy Cranberries™ wholes and dices, Cranberry seeds. https://www.oceanspray.com/",Africa; Asia; Australia; Central/South America; Eastern Europe; Middle East; North America; Western Europe,Manufacturer: Ingredients / Additives; Raw Material Supplier,"Apples, Chia seeds, Cranberries",Fi Asia Indonesia 2026; Book a meeting; See our Exhibitor Profile; See full Exhibitor List,"One Ocean Spray Drive, 02349, Lakeville-Middleboro, MA, United States",,+1-508-946 7000,https://oceansprayitg.com,https://www.ingredientsnetwork.com/ocean-spray-ingredient-technology-group-comp252872.html,252872
Wego,"Wego Chemical Group—a family owned and operated company—is a global supplier, importer, and distributor of chemicals, minerals, and raw materials. Wego offers a variety of chemical products with diverse applications and uses, servicing a wide range of industries. We continuously diversify our product portfolio to meet the needs of the ever-evolving industries we serve. Since inception in 1978 our philosophy has been founded on the sourcing and development of competitive chemical supply originating from the Pacific Rim, with a strong emphasis on China, Taiwan, Korea, Japan, India, and Indonesia. Our distribution strengths include: Forging relationships with chemical suppliers and manufacturers across the globe to reliably source high-quality, competitively-priced raw materials Providing safety, regulatory, and customs clearing for customers around the world Tailoring transport and delivery of shipments to satisfy customers' particular requirements With expertise in both sourcing and logistics management, our team strives to solve problems before they reach our customers and to strengthen and streamline their supply chains in the process. Our mission is to fulfill customers' needs for high quality products with an efficient, reliable, and always customer-first focus.",Central/South America; Eastern Europe; Middle East; North America; Western Europe,Raw Material Supplier,"Anti-caking agents, Antioxidants, Emulsifiers, Stabilisers, Thickeners",Fi Europe 2026; Book a meeting; See our Exhibitor Profile; See full Exhibitor List,"Bredaseweg 108A, 4902 NS, Oosterhout, Netherlands",mazizi@wegochem.com,+31 162 820 300,https://www.wegochem.com,https://www.ingredientsnetwork.com/wego-comp309022.html,309022
Hemplab Ltd,"We are a well-established contract manufacturer of dietary supplements and an owner of retail brands that we distribute around Europe. Our products are manufactured in accordance with the highest quality standards and with raw materials only from reliable suppliers. By choosing our company, you choose the most competitive offer as well as a comprehensive support at every stage of cooperation.",Eastern Europe; Western Europe,Contract Manufacturer,"Algae oil, Bioactive Compounds - Other, CBD",,"Wrotkowska 2, 20-469, Lublin, Poland",info@hemplab.ltd,48694412559,https://hemplab.ltd/,https://www.ingredientsnetwork.com/hemplab-ltd-comp312855.html,312855
Packom International Doo,"Packom is a Contract Manufacturer/Private Label Producer making unique, innovative and delicious lozenges in the food-supplement and candy categories. Packom offers 14 ready-made food-supplement and 18 ready-made candy formulas in tasty lozenges or we can create custom formulas as needed. Packom combines extensive knowledge and experience with unique, proprietary technology to produce delicious, extra hard lozenges which offer improved absorption and excellent taste! Packom works closely with select raw-material suppliers to ensure only the finest ingredients are used in the production of our lozenges! Packom combines immediate-release and micro-encapsulated time-released flavors in each lozenge to ensure flavor quality and intensity, and to guarantee that the delicious flavor remains constant through-out the consumption of the lozenge. Packom’s modern factory in Belgrade, Serbia is GMP, HACCP and IFS compliant.",Asia; Central/South America; Eastern Europe; Middle East; North America; Western Europe,Contract Manufacturer,"Confectionery, Dietary supplements, Functional confectionery",,"Marsala Tita 1v Lestane, 11309, Belgrade, Serbia",leigh@all-whole.com,,https://www.vitamincandy.com/,https://www.ingredientsnetwork.com/packom-international-doo-comp309742.html,309742
Synadiet,"Independent trade association founded in 1950, Synadiet brings together France's food supplement companies from all business lines (manufacturers, ingredient suppliers, marketers, consultants, distributors, etc.). With close to 300 members, Synadiet has unrivalled influence in France. Synadiet's missions : - Supporting the industry responsible growth - Representing the industry towards national and European authorities - Promoting and defending the Food supplement industry's reputation - Coordinating Industry action and enhancing sectorial networking",,Government /Pavilion Organiser /Trade Association,"Dietary supplements, Auditing & certifications, Consulting",,"101 Rue Saint Lazare, 75009, Paris, France",nouscontacter@synadiet.org,+33(0)144730184,https://www.synadiet.org,https://www.ingredientsnetwork.com/synadiet-comp312845.html,312845
Aquapharm Health & Nutrition GmbH,"Aquapharm Health & Nutrition GmbH is an owner-managed company, founded in 2003 and based in Pöcking am Starnberger See. Together with raw material suppliers in Asia, South and Central America, we have established ourselves in the field of plant extracts and other innovative raw materials. The focus of our corporate philosophy is the long-term cooperation with our customers and suppliers in Germany and abroad. By focusing on customer-specific requirements, Aquapharm offers optimum performance and benefits. A working partnership in its optimal form provides both Aquapharm and the customer with valuable knowledge and new, innovative solutions.",Western Europe,Raw Material Supplier,"Dietary fibres, Fat replacer, Isomalt",,"Hindenburgst. 44, 82343, Poecking, Germany",b.rad@aquapharm.de,4.67E+11,https://www.aquapharm.de,https://www.ingredientsnetwork.com/aquapharm-health-nutrition-gmbh-comp273282.html,273282
"SHANGHAI GUANG DE LI CAPSULE CO.,LTD","GDL Capsule firstly established in Taiwan since 1985, is a leading hard capsule manufacturer which is capable of producing 10B hard capsules per annum, serving the markets in Asia Pacific region. With the latest innovation and development of hard capsule technologies, our outstanding quality capsules have earned trust from major multinational pharmaceutical and supplements manufacturers over the past 3 decades. We offer gelatin and HPMC capsules with production in compliance with GMP and ISO 9001:2015. Guang De Li (GDL) Capsule Company was established in Taiwan in 1982 , adopting self-developed machines and technologies to manufacture high quality, empty two-piece hard capsules. With three manufacturing plants located in Taiwan, Shanghai, Guizhou and two sales companies in California, USA and Manila, Philippines, GDL has been supplying hard gelatin capsules and vegetarian capsules made of HPMC (Hydroxypropyl methylcellulose) and Pulullan (polysaccharide derived from sugar cane) for Pharmaceutical and dietary supplement markets. The capsule production processes are under strict control and is in accordance with the PIC/S GMP and is ISO 9001:2015 certified. Distributor, Agent & Representative Existing suppliers of API, Excipients and packaging materials for pharmaceutical and nutraceutical industries are invited to discuss agency, distributorship of our products or representing GDL for your local customers and markets.",,Contract Manufacturer,"Pullulanase, Dietary supplements, Contract manufacturing",,"Daping Industrial Park Economic and Technological Development Zone,, 558013, Duyun City, China",info@gdlcap.com,,https://www.gdlcap.com,https://www.ingredientsnetwork.com/shanghai-guang-de-li-capsule-co-ltd-comp309283.html,309283
Pouch Alliance BV,"We offer formulation advice and, based on our experience and expertise, offer complete customised formulation development, using cutting-edge ingredients. Pouch Alliance produces all gels, liquid food supplements and functional beverages on request. Production is being performed under certification and high standard quality guidelines of BRC Global Standard for Food Safety, using raw materials from GFSI certified suppliers. We fill liquids into different types of flexible packaging. These vary from spouted stand-up pouches to single serve stickpacks and plastic tubes. The liquids vary in density and content, ranging from 15ml to 500ml. The composition of the different packaging materials are aimed to fit the content and purpose. The printing quality is high end which results in final products with a professional appearance.",,Manufacturer: Food & Beverage Finished Products,"Dietary supplements, Energy drinks, Functional beverages",,"Eendrachtstraat 1-b, 1531 DT, Wormer, Netherlands",iklitsie@pouchalliance.com,,https://www.pouchalliance.com,https://www.ingredientsnetwork.com/pouch-alliance-bv-comp307566.html,307566
WelBloom Biotech Co.,"Wel-Bloom is a dietary supplement contract manufacturer. Since 1999, it has been continuously offering professional nutritional supplements customized services for functional food and supplements diligently. Wel-Bloom has a global business network that provides innovative products, complete service systems, marketing analyses, product development, integrated supply chain, and high-quality control procedures to help clients save excess resources. To gain clients’ trust. Wel-Bloom keeps pursing perfection and insistence to serve. Our clients’ channel includes hospitals, pharmacy retailers, and MLM suppliers. We work hard to reach clients’ requirements and create a win-win situation with our clients.",,Contract Manufacturer,"Dietary supplements, Functional confectionery, Functional food",,"10F, No. 33, Xinmin Street, Zhonghe District, 100, New Taipei City, Taiwan",jennyzhu@welbloom.com.tw,,https://welbloom.com/,https://www.ingredientsnetwork.com/welbloom-biotech-co-comp314898.html,314898
Naturoil Gida ve Kimya San.Tic.Ltd.Sti.,"Since NATUROIL started in 2002 our overall aim never changed: To produce COLD PRESSED and AROMATIC OILS for the health of our customers. That’s why our name stands for high Quality product. We achieve that by growing some products on our own fields, working with reliable contracted farmers or sourcing raw material from long-term trustworthy suppliers. Some of our raw material comes from wild collection from the forests in the rural areas of Turkey like laurel leaves, oregano. Arriving to our factory the products go through our own sortex machine and after throughly control finally for the oil production. We produce 39 organic (EU BIO and NOP) as well as more than100 oil and by-products in conventional Quality. In our product range we have also SOFTGELS which are produced in-house by ourselves, using mainly our own oils. We also have our own FILLING SYSTEM so that products can be delivered in bulk or directly private labelled. Further certificates are ISO, HELAL, KOSHER, GMP. To visit our fields, contracted farmers, suppliers and customers during the year ensures a high transparancy of our Business and strengthens the cooperation. New, challenging requests from our customers are realized and like that we achieve to grow and get stronger together.",Africa; Australia; Middle East; North America; Western Europe,Raw Material Supplier,"Coconut oil, Fruit, Seeds, Nuts & Peanuts, Vegetables, Ingredient Mixtures, Synbiotics",,"OSB. Sk.No.1/1, 19000, Çorum, Türkiye",info@naturoil.com,,https://www.naturoil.com,https://www.ingredientsnetwork.com/naturoil-gida-ve-kimya-san-tic-ltd-sti-comp326397.html,326397
"Eton Food Co.,Ltd.","Eton Food Co., Ltd was situated in Tengzhou City, Shandong province which is the traffic junction of Jiangsu, Shandong, Anhui, and Henan Province. We are one of the professional producers and suppliers of food and feed additive in China. Enterprise Eton Food, focus on food safety. Since the day of building the company, we focused on the famous brand advertising in the industry, and dedicated ourself for products update and extending and serving the end market. We launched series of preservatives, such as calcium propionate, sodium propionate, calcium acetate, sodium acetate, sodium diacetate, sodium benzoate and benzoic acid, which widely used in bakery, wet noodles, meat products, seasoning brewing, feed processing and other fields. Science and Technology Eton Food, to be the unicorns in the industry. The R&D center of the company has cooperated with relevant colleges and universities to realize the integrated operation of production and research, and constantly optimize the production process; the production workshop is constructed according to GMP standards, the intelligent upgrading of the production line is completed, one key operation and multi-point linkage are realized, pollution prevention and control, ultra clean and dust-free are realized, and the product performance index is continuously stable. Quality Eton Food, dedicated ourself to be the leader in the preservatives industry. The company pays more attention to the quality process control, and strictly implements HACCP and ISO management system. The technology and product quality had been always in the forefront of the industry, and set up a famous brand image. The products were sold to more than 100 countries and regions around the world, and favored by customers at domestic and abroad. Love Eton Food, together with you forever. It is our social responsibility that to create value for customers and wealth for the society, and to set up a model of the industry and lead the future of the industry. All Eton Food people will continuously do our best to serve every customer, to serve human health, and to keep on going in the food and feed industry!",,,"Benzoic acid - benzoates (BA), Prepared foods",Fi Europe 2026; Book a meeting; See our Exhibitor Profile; See full Exhibitor List,"Jixi Road,Jisuo Town,, Tengzhou, China",,,https://exhibitors.figlobal.com/fie26/,https://www.ingredientsnetwork.com/eton-food-co-ltd-comp296084.html,296084
"Henan Zhongda Hengyuan Biotechnology Stock Co., Ltd.","Henan Zhongda Henyuan Biotechnology Stock Co., Ltd., located in the central hinterland of China, which is the pioneer and benchmarking enterprise using natural pigment on food applications in China. We are one of the largest professional manufacturers and suppliers of natural pigment and healthy raw materials; we are one of the earliest enterprises in natural pigment industry; we have the strongest R&D and management level, the most complete product system and the largest single product series.",Africa; Asia; Australia; Central/South America; Eastern Europe; Middle East; North America; Western Europe,,"Astaxanthin, Beef protein, Botanicals",Fi Europe 2026; Book a meeting; See our Exhibitor Profile; See full Exhibitor List,"East of Jinger Rd., North of Weier Rd., Linying Industrial Park, Luohe,, China",,+86 3955658188-8107,https://exhibitors.figlobal.com/fie26/,https://www.ingredientsnetwork.com/henan-zhongda-hengyuan-biotechnology-stock-co-ltd-comp251176.html,251176
Vegan Foods,"Empowering Global Brands with Clean, Plant-Based Innovation. At Vegan Foods, we are more than just suppliers — we are your strategic partner in delivering premium dehydrated vegetables, and organic spices tailored for the next generation of health-Conscious, sustainable Ingredients. We Greatly certified with GFSI (BRCGS ISSUE 9) Standards, SMETA-4 PILLAR, KOSHER and HALAL, ""Culinary Innovation Partner "" With Specific Specialty as Under : Cleaning Milling Roasting Kibbling Toasting Blending Chopping Private Labeling Customize packing Gourmet spices ,Flavoring & specialty mixes For more information Please connect us today at www.veganfoodsind.in",Africa; Asia; Central/South America; Eastern Europe; North America; Western Europe,Manufacturer: Finished Food Products,"Fruit, Seeds, Nuts & Peanuts, Vegetables, Onions, Other Flavourings",Fi Europe 2026; Book a meeting; See our Exhibitor Profile; See full Exhibitor List,"SURVEY NO 117/2P6/P2, JADRA GUNDARNI ROAD, 364290, Mahuva, India",veganfoodsind@gmail.com,"""Flavor, Freshness, and Functionality: Discover the Power of Dried Onion Flakes, Chopped , Granulated ,Minced & Ground onions"" ""Elevate Your Creations: Premium Dehydrated Onion for Unmatched Convenience and Taste."" • Flavor and Quality: Our dehydration process preserves the natura...",https://exhibitors.figlobal.com/fie26/,https://www.ingredientsnetwork.com/vegan-foods-comp475408.html,475408
Ravazzi SpA,"MADE IN ITALY Our 5.000 sqm headquarter is in the center of Lombardy, the most important industrial Italian region. A strategic position, close to major lines of communication in the country and with Milano-Orio al Serio, one of the major Italian Airport. A LONG STORY Founded in 1939 producing candy gummies, Ravazzi has always had a well-defined goal: to satisfy the desire for sweet maintaining a quality tradition. A past made up of people in love with their «craft» who passionately worked the ingredients of the current Ravazzi quality, handing down a know how typical of this land. RAVAZZI’S APPROACH TO GUMMY SUPPLEMENTS Thanks to Ravazzi’s long experience in the candy industry, where taste and color are of primary importance, and our collaboration with pharmaceutical companies that use high quality ingredients, we are entering the supplement market with a wide range of products. We have strong expertise in working with different gelling agents: - Starch - Gelatine - Pectine Our company complies with stringent food safety and quality requirements, even throughout the supply chain. We obtained globally recognized certifications BRCGS and International Featured Standards (IFS).",,Manufacturer: Finished Food Products,"Dietary supplements, Functional confectionery, Contract manufacturing",,"Viale Lombardia 10, 24050, Orio al Serio, Italy",info@ravazzigummy.it,,https://www.ravazzigummy.it,https://www.ingredientsnetwork.com/ravazzi-spa-comp327271.html,327271
Millmax LLC,"Millmax – European Contract Manufacturer of Food Supplements, Sports Nutrition & Cosmetics Millmax is an EU-based contract manufacturer and private label partner for food supplements, sports nutrition and cosmetic products, with manufacturing and product development facilities in Riga, Latvia. We work with established brands, retailers, distributors and growing consumer brands across Europe and international markets, supporting projects from product formulation and R&D through manufacturing, filling, packaging and commercial production. Our approach combines flexible European manufacturing, in-house product development, quality control and a broad range of packaging capabilities. Millmax can support both the development of new custom formulations and the production of existing customer formulations, as well as selected white label and private label products. Food Supplement & Sports Nutrition Manufacturing Millmax manufactures dietary supplements and sports nutrition products in two core formats: Powders Sports nutrition powders Creatine monohydrate Pre-workout formulations BCAA and EAA amino acid blends Electrolyte powders Collagen formulations Plant-based protein powders Functional powder blends Mushroom and botanical blends Vitamin and mineral powder formulations Functional coffee and wellness blends Our powder manufacturing capabilities include ingredient weighing, blending, filling and packaging for both single-ingredient products and complex multi-ingredient formulations. Hard Capsules We manufacture HPMC and gelatin hard capsules in sizes #00, #0 and #1. Projects can range from straightforward single-ingredient supplements to more complex vitamin, mineral, botanical and functional formulations. Capsules can be supplied in bottles, jars, doypacks or blister packaging depending on the project requirements. Flexible Supplement Packaging Millmax offers a range of packaging solutions for food supplements and sports nutrition products. Powder products can be filled into PET jars, HDPE or PP containers, stand-up pouches, flat-bottom doypacks and single-dose sachets. Packaging sizes and configurations are selected according to the formulation, serving size, product volume and target market. Our standard PET packaging includes commonly used 500 ml, 750 ml and 1,000 ml formats, while larger formats are available depending on the product. For brands looking for convenient single-serving formats, Millmax also provides powder sachet filling and 4-side sealed sachet packaging. Hard capsules can be packed into plastic or glass bottles and jars, doypacks and blister packs. We work with packaging suppliers across Europe and can also evaluate custom packaging solutions for individual projects. Contract Manufacturing, Private Label & White Label Different customers require different levels of manufacturing support. Millmax can work as a full-service contract manufacturing partner, managing the process from formulation and raw material sourcing through manufacturing and packaging. We can also operate as a manufacturing and co-packing partner where the customer supplies its own raw materials, proprietary formulation, packaging components, labels or printed packaging. For customers seeking faster market entry, we offer selected white label supplement formulations that can be adapted to the required packaging and branding. This flexible model makes Millmax suitable for established supplement brands as well as companies launching new product ranges or looking for an additional European manufacturing partner. Product Development & R&D Product development is an important part of our manufacturing service. Our in-house R&D team works with customers on: New supplement formulation development Existing formula optimisation Ingredient selection and sourcing Flavour development Sweetener systems Powder solubility and sensory characteristics Capsule formulation Manufacturing feasibility Packaging selection Pilot and sample production Scale-up from laboratory formulation to commercial manufacturing Customers can bring us a finished specification or simply a product concept. Our team can then evaluate the project and determine the most suitable development and manufacturing route. Quality & European Manufacturing Millmax manufactures in Latvia, European Union, operating under established food safety and quality management procedures. Our food supplement manufacturing operations work according to GMP and HACCP requirements, with quality control integrated into the manufacturing process. Raw materials and finished products are controlled according to agreed specifications, and additional laboratory testing can be arranged depending on the formulation and customer requirements. We work with European and international raw material suppliers and can source both standard and branded ingredients depending on availability, project requirements and commercial volumes. Customers are welcome to visit our manufacturing facilities in Riga and conduct supplier qualification or manufacturing audits. Co-Packing & Filling Services In addition to full contract manufacturing, Millmax provides co-packing, filling, repacking and secondary packaging services. This can be particularly relevant for companies that already own their formulation or ingredients but require an EU manufacturing partner for: Powder blending Powder filling Capsule filling Bottle and jar filling Doypack filling Sachet filling Blister packaging Labelling Cartoning Repacking and secondary packaging This allows customers to retain control of their ingredients and supply chain while using Millmax for European production and packaging. Cosmetics Manufacturing Alongside nutraceutical manufacturing, Millmax operates a dedicated cosmetics development and manufacturing facility. Our cosmetic capabilities include development and production of: Face and body creams Facial serums Gels Hair and scalp serums Shampoos and conditioners Body care products Foot and leg care products Toners and sprays Oils and other leave-on cosmetic formulations Our cosmetics operation works according to ISO 22716 / Cosmetic GMP principles, with in-house formulation development and laboratory capabilities. Packaging options include tubes, jars, bottles, pumps, airless packaging and glass serum bottles. Millmax has also invested in automated tube filling and cartoning capabilities for larger commercial projects. From Concept to Commercial Production Our goal is not simply to fill containers. We aim to become a practical long-term manufacturing partner for our customers. Depending on the project, Millmax can support: Concept → Formulation → Ingredient Sourcing → Samples → Manufacturing → Quality Control → Filling → Packaging → Commercial Production Standard manufacturing projects can start from approximately 1,000–2,000 units per SKU, depending on formulation, packaging and production technology, making Millmax suitable for both growing brands and established companies requiring larger recurring production volumes. We particularly welcome long-term B2B partnerships with companies looking for a reliable European supplement manufacturer, additional manufacturing capacity, a second-source production partner, private label development or flexible co-packing services. Why work with Millmax? EU-based manufacturing in Riga, Latvia Contract manufacturing and private label Food supplements and sports nutrition Powder supplement manufacturing Hard capsule manufacturing In-house R&D and formulation development GMP and HACCP manufacturing ISO 22716 cosmetic manufacturing Flexible MOQ depending on project Raw material sourcing Customer-supplied ingredient projects PET jar and bottle filling Doypack packaging Sachet filling Blister packaging Co-packing and repacking Quality control and laboratory support Flexible development for both established and growing brands B2B manufacturing for European and international markets Looking for a European contract manufacturing partner? If you are developing a new dietary supplement, sports nutrition powder, capsule product or cosmetic formulation, or are looking for an additional manufacturing or co-packing partner in the European Union, we would be pleased to discuss your project. Meet the Millmax team at Vitafoods Europe 2027 in Barcelona or contact us directly to discuss formulation, manufacturing, packaging, MOQ and production possibilities. Millmax – From formulation to finished product. European contract manufacturing built around your brand.",Eastern Europe; Middle East; Western Europe,Contract Manufacturer,"Dietary supplements, Functional powders, Nutricosmetics",Vitafoods Europe 2027; Book a meeting; See our Exhibitor Profile; See full Exhibitor List,"Kengaraga street 1b, LV-1063, Riga, Latvia",ag@millmax.eu,+37129447837,https://millmax.eu,https://www.ingredientsnetwork.com/millmax-llc-comp482102.html,482102
"Jiangxi Hengding Food Co., Ltd.","Jiangxi Hengding Food Co Ltd was founded in 2006 and the business includes the milling of flour or meal from grain. Products include:- rice syrup, glucose syrup, maltose, rice fructose, flavour syrup, non-dairy creamer, cereals, rice protein, ice cream powder, enriched paste, etc",Africa; Asia; Central/South America; Eastern Europe; Middle East; Western Europe,,"Agave syrup, Amino acids, Beans",Fi Europe 2026; Book a meeting; See our Exhibitor Profile; See full Exhibitor List,"No.2 Huideng Road, Fengcheng High-tech Zone Jiangxi province, 331100, Fengcheng, China",,+867956242788 ext.603,https://exhibitors.figlobal.com/fie26/,https://www.ingredientsnetwork.com/jiangxi-hengding-food-co-ltd-comp263911.html,263911
Konark Herbals & Health Care Pvt Ltd,"Konark Herbals & Healthcare is in the Top Five Extract manufacturers in India. KHHC is an off shoot of the Konark group, with three manufacturing units at Daman (UT) near Vapi in Gujarat & Himachal Pradesh. We are the leading manufacturers and suppliers of 500plus Botanical extracts, phytochemicals, Essential Oils, Oleoresins, Flavors & fragrances all meeting international standards. Konark Herbals & Healthcare have got all the major certifications such as NSF GMP, HALAL, FSSC 22000, FSSAI, ISO, India Organic & Kosher. Our products: Dry Extracts Liquid Extracts Oil soluble Extracts Curcumin Oleoresins Flavours Fragrances Cosmetic complexes Imported products Amino acids Nutraceuticals Spray dried powders Application of our Extract: Nutraceutical Industry Cosmetic Industry Pharmaceutical industry Veterinary industry Food industry",Africa; Asia; Australia; Central/South America; Eastern Europe; Middle East; North America; Western Europe,Manufacturer: Ingredients / Additives,"Bioactives Other, Curcuma longa, Curcumin",Vitafoods India 2027; Book a meeting; See our Exhibitor Profile; See full Exhibitor List; Vitafoods Europe 2027,"333, Konark Group, Adhyaru Industrial Estate Sunmill Compound, Lower Parel West, Mumbai, India",,+91-22-40914 300,https://exhibitors.vitafoodsindia.com/2027vfi/,https://www.ingredientsnetwork.com/konark-herbals-health-care-pvt-ltd-comp269078.html,269078
"Zhejiang Nutrasis Biotech Co.,ltd.","Nutrasis is a nutraceutical manufacturer headquartered in Zhejiang, China. Having experienced phenomenal growth, we are one of the fastest developing and most trusted suppliers of dietary supplements and vitamins, with a comprehensive service portfolio including formulation innovation, production flexibility, laborotary analysis, packaging design, and warehouse service, providing dosage forms that range from softgel, tablet, capsule and powder. The aspiration of Nutrasis is to manufacture nutraceutical supplements by implementing pharmaceutical standards and achieving high quality requirements. We are dedicated to growing a dynamic and customer-oriented supplement manufacturing business through creativity, integrity, and persistent hard work. We've been maintaining a stable and reliable supply chain for all business partners, providing them with value-added services including sharing raw material tendency and market insights. We are also supporting many large retailers as well as brand owners with customized projects and private label services. We always value every opinion and empower employees with professional knowledge. We are committed to foster an engaging and satisfying work environment where innovation, teamwork and recognition are present. Through innovative manufacturing process, uncompromising quality standards, and conscientious efforts of our employees, we set our goals to become the leading contract manufacturer and one-stop solution provider for global clients.",,,"Dietary supplements, Functional powders",Vitafoods Europe 2027; Book a meeting; See our Exhibitor Profile; See full Exhibitor List,"No.6 Yuannan Road Hua Qian Industrial Park, 317203, Tiantai, China",,,https://www.nutrasis.com,https://www.ingredientsnetwork.com/zhejiang-nutrasis-biotech-co-ltd-comp309077.html,309077
IMCD,"IMCD is a global leader in the distribution and formulation of speciality chemicals and ingredients, providing solutions to its partners. Across eight Business Groups*, its market specialists collaborate with suppliers and customers to help co-formulate solutions that embrace industry trends. With a global presence across EMEA, Asia-Pacific and the Americas, IMCD offers a range of comprehensive product portfolios. Listed at Euronext, Amsterdam (IMCD), IMCD realised revenues of EUR 4,443 million in 2023 with over 4,700 employees in over 60 countries on six continents. IMCD's dedicated technical and commercial experts work in close partnership to tailor best-in-class solutions for around 60,000 customers and a diverse range of world-class suppliers. For you, and for us, we are creating a world of opportunity. *Our business groups are Home Care and I&I, Beauty & Personal Care, Food & Nutrition, Advanced Materials, Coatings & Construction, Pharmaceuticals, Lubricants & Energy and Industrial Solutions.",,,"Other Functional Ingredient Mixtures, Sports Nutrition",Vitafoods Europe 2027; Book a meeting; See our Exhibitor Profile; See full Exhibitor List,"IMCD ESPANA ESPECIALIDADES QUIMICAS SA, Arequipa 1, 28043, Barcelona, Spain",,,https://www.imcdgroup.com,https://www.ingredientsnetwork.com/imcd-comp324242.html,324242
Bursa Jelatin,"We produce for you with the slogan of Halal Gelatin for the World. We serve many well-established organizations in global markets, grow stronger by following world standards, and become a pioneer in the sector with innovations. Even if we are affected by the conditions of the day, we never reflect this to our quality. We use first class materials and never compromise on hygiene and customer satisfaction. FIRST IN TURKEY - All of Turkey’s first producing hygienic Halal Gelatin Manufacturing Process Fira we do indoors, our business always open to audit their suppliers. OUR QUALITY AND FOOD SAFETY POLICY - As Bursa Gelatin, “Quality product, quality service is success.” We produce Gelatin with the principle of producing Gelatin in accordance with national and international standards, legal requirements, in hygienic environments, under the control of food engineers until the product is delivered to the customers. We aim to be a pioneer and an example in the sector by continuously improving our quality management and food safety systems by believing in the necessity of unconditional customer satisfaction with our trained staff. Our goal is to increase the quality of products and services in the sector in a global competitive environment. Burjel Gelatin produces in accordance with Tse, İso, Brc, Global Food Safety Standards.",,Contract Manufacturer,"Proteins, Enzymes, Amino Acids, Halal",Fi Europe 2026; Book a meeting; See our Exhibitor Profile; See full Exhibitor List,"Badirga Mh 8.sk no 4 Nilufer, 16290, Bursa, Türkiye",sevil@karacaleather.com,+90 5309619494,https://exhibitors.figlobal.com/fie26/,https://www.ingredientsnetwork.com/bursa-jelatin-comp295167.html,295167
Bakker Seeds,"Since 1905 ""Bakker seeds"" is a highly versatile partner in the world of bakery seeds (located close to the Port of Rotterdam). The activities of our company are import/export, storage, transshipment, cleaning, blending and other forms of processing in raw materials for the wholesale bakery industry. All products are sourced from the most excellent suppliers all over the world. We devote top priority to sustainability and innovation as you can expect from a modern and dedicated company, now run by the 4th generation of the family. Our company is certified FSSC 22000, DNV GL, Riskplaza, GMP+, Skal, AEO, Kosher & Halal.",Africa; Asia; Australia; Central/South America; Eastern Europe; Middle East; North America; Western Europe,Distributor; Raw Material Supplier,"Barley, Buckwheat, Other Dietary Fibres",Fi Europe 2026; See our Exhibitor Profile; See full Exhibitor List,"Ambachtstraat 4, 2751 GP, Moerkapelle, Netherlands",,+31 79 593 1347,https://exhibitors.figlobal.com/fie26/,https://www.ingredientsnetwork.com/bakker-seeds-comp248720.html,248720
Skuny Bioscience Co. Ltd,"Skuny Bioscience is a dynamic bio-tech company committed to discovery and commercializes active ingredients and formulas derived nutritional products utilizing proprietary biotechnology including Bio-separation, Bio-enzyme, and Fermentation. Skuny has developed a unique and patented technological platform (MSET™) for manufacturing high purity Omega-3 EPA/DHA/ALA Oil and other lipids Oil, MSET™ included 11 patents and it is a key breakthrough for separating isomer or similar polarity substances in Oil. With unceasing development in nutritional industries, now Skuny is the one of leading global suppliers of high quality lipids ingredients as Omega-3, 6, 9, Vitamin E etc. and Megafullife® is the brand of Skuny’s Lipids ingredients and solutions. Subsidiaries, BioGin is a specialty nutritional company with a focus on herbal ingredients and formulations, now some branded ingredients as AlaLife®, NutraLemon™, CitrusforLife™ are bring better health and wellness at every stage of our life.",,,"Algae oil, Fatty acids, Fish oil",Vitafoods Europe 2027; Book a meeting; See our Exhibitor Profile; See full Exhibitor List,"No.81, Industry Park Pujiang County, 611630, Chengdu, China",biogin@biogin.com,85260245,https://www.skuny.com,https://www.ingredientsnetwork.com/skuny-bioscience-co-ltd-comp280200.html,280200
F&F WE.KNOW.DAIRY.,"F&F WE.KNOW.DAIRY.BV is specialized in the global trade of high-quality dairy ingredients. Leveraging our extensive network within the European dairy industry, we deliver more than products: we provide expertise, reliability and tailored solutions. As your One-Stop Dairy Shop, we offer a broad range of dairy ingredients, flexible order quantities, short lead times and market-oriented solutions. With our in-depth knowledge of the dairy market, we help customers navigate market trends, identify the right purchasing opportunities and explore alternative ingredients — contributing to a robust, flexible and efficient supply chain. But what truly defines F&F is how we do business: our company is built on four core values: Know-How, Honest, Out-of-the-Box and Likeable. These values guide the way we work, the decisions we make and, above all, the relationships we build with our customers, suppliers and partners. Know-How is at the heart of F&F. Our in-depth understanding of dairy ingredients, markets and applications, combined with an extensive network throughout the European dairy industry, enables us to help our customers make well-informed purchasing decisions and find the right solutions for their business. Honest means doing business in an open, transparent and reliable way. We believe trust and long-term partnerships are the foundation for mutual success. Out-of-the-Box reflects our entrepreneurial and flexible approach. Whether it means finding an alternative ingredient, solving a supply challenge or responding quickly to changing market conditions, we look beyond the obvious to find practical and effective solutions. And Likeable is simply how we want to do business: personally and approachably, with genuine attention to the people and companies we work with. Together, these values shape our promise to be your One-Stop Dairy Shop. With a broad portfolio of dairy ingredients, flexible order quantities and Just-in-Time deliveries, we help our customers reduce inventory, increase flexibility and respond quickly to changing demand. We aim to be more than a supplier. We want to be a trusted partner that understands your business, knows the market and is there when you need us. One-Stop Dairy Shop. Just-in-Time. Personal service. Driven by our values. Powered by our Know-How. Because WE.KNOW.DAIRY.",Africa; Asia; Eastern Europe; Middle East; Western Europe,Contract Manufacturer,"Cow Dairy Ingredients, Flavour Enhancers, Other Cow Dairy Ingredients",Fi Europe 2026; Book a meeting; See our Exhibitor Profile; See full Exhibitor List,"Woudenbergseweg 19 C2, 3707 HW, Zeist, Netherlands",info@ffweknowdairy.com,0031 343 513696,https://www.ffweknowdairy.com,https://www.ingredientsnetwork.com/f-f-we-know-dairy-comp279228.html,279228
ARBES TOOLS PVT.LTD,"Arbes Tools is a family-owned, professionally managed business with a vision to be best-in-class globally. Since 1972, we have stood for quality and reliability with an understanding of the global pharmaceutical and nutraceutical industries. We have technology and production facilities equipped with the latest CNC machining centres. Our team of experienced and dedicated professionals provide high-quality encapsulation process machinery and equipment. We are leading suppliers of softgel technology and systems, having installed over 250 ARBES encapsulation systems with reputed and multinational pharmaceutical companies. We are the largest encapsulation-technology manufacturer in India, and are considered amongst the best globally.",,,,Vitafoods Europe 2027; Book a meeting; See our Exhibitor Profile; See full Exhibitor List,"PLOT NO.D29/8 TTC INDUSTRIAL AREA TURBHE MIDC, 400705, Navi Mumbai, India",,,https://www.softgelencapsulation.com,https://www.ingredientsnetwork.com/arbes-tools-pvt-ltd-comp309807.html,309807
Food Export USA,"Food Export Association of the Midwest USA (Food Export-Midwest) and Food Export USA-Northeast (Food Export-Northeast) are non-profit organizations composed of 23 Midwestern and Northeastern state agricultural promotion agencies that use federal, state, and industry resources to help U.S. suppliers increase product sales overseas. Food Export-Midwest and Food Export-Northeast administer many services through Market Access Program (MAP) funding from the USDA, Foreign Agricultural Service. Including a variety of programs and services to help exporters of Midwestern and Northeastern food and agricultural products begin or expand their international sales. Food Export-Midwest and Food Export-Northeast are two of four nationwide State Regional Trade Groups (SRTGs) that are dedicated to helping U.S. food and agricultural companies sell their products in international markets. Food Export-Midwest and Food Export-Northeast formed a strategic alliance to increase their ability to promote high-value U.S. food and agricultural products. Food Export Association of the Midwest USA 29 N. Wacker Dr., Suite 1000 Chicago, IL 60606 312.334.9200 Food Export USA-Northeast One Penn Center 1617 JFK Boulevard, Suite 420 Philadelphia, PA 19103 215.829.9111",,,,Fi Europe 2026; Book a meeting; See our Exhibitor Profile; See full Exhibitor List,"1617 JFK Blvd, 19103, Philadelphia, United States",,,https://www.foodexport.org,https://www.ingredientsnetwork.com/food-export-usa-comp481271.html,481271
HSF Biotech,"As a high-tech biotechnology company, HSF Biotech is high-quality ingredient solutions manufacturer for human better life. Based on R&D and innovation, We serve multiple industries, such as dietary supplements, food and beverage, pharmaceutics, personal care products, animal nutrition in the global markets. As one of the global plant sterols/esters suppliers, HSF is an important pioneer in China's phytosterol/ester industry, a market promoter and a participant in the formulation of national industry standards. In 2022, HSF launched new innovations on fermentation technology, which have created a rapid and healthy growth in global reputation and technology accumulation. Fermtek™ Fermentation Series | LowChol™ Phytosterol | VegeToco™ Natural Vitamin E | VegeLipi™ Micro-encapsulated Lipid Powder | SoliPro™ Micro-encapsulated Solid Powder | NatenFla™ Natural Flavors | VegeNutri™ Nutrition Ingredients | NutraColor™ Natural Color | NatoDant™ Natural Anti-Oxidant | PhytoSweet™ Sweeteners Our products cover the research and development, manufacture and sales of a multiple series of products: plant sterols/esters, natural vitamin E, functional powder/oil microencapsulation, natural pigments, fermenation product and ferulic acid. HSF is certified with the ISO 9001 standard and ISO 22000, FAMI-QS, SC, HALAL, Kosher, IP(NON-GMO), cGMP and ORGANIC(NOP/EOS), etc. Contract Manufacturing | Customized Ingredients Solution | Blend and Premix | Patenting and Functional Evaluation Providing systematic product solutions to global customers in the nutrition and health field. HSF has a number of independent R&D and industrialization technical teams. We have core patented technologies in a number of cutting-edge biotechnology and life science fields. HSF is committed to taking the road of technological innovation and technology first.",,,"Nutrition ingredient mixture, Other Antioxidants, Other Colours",Fi Europe 2026; Book a meeting; See our Exhibitor Profile; See full Exhibitor List; Vitafoods Europe 2027,"Chang'an, 71000, Xi'an, China",,,https://www.hsfbiotech.com/about-us,https://www.ingredientsnetwork.com/hsf-biotech-comp317493.html,317493
Port Everglades Dept. Of Broward County,"GOLDEN Sp. z o.o. is a Polish, certified manufacturer of freeze-dried, dry and frozen fruits. We only use fruits from reliable suppliers. We have own sour cherry plantation. We guarantee the highest quality of our products. Golden has own production line, storage and logistics facilities. Our goal is to preserve the freshness of carefully selected fruits. We provide our customers the highest quality products that retain all nutritional values ​​as well as shape, color, smell and taste. We have BRC, EKO certificates that confirm the high quality of our products. Additionally, we divide our products into different fractions, which allows us to adapt the type of fraction to the individual requirements of the customer. We constantly improve our skills and deepen our knowledge to stay up to date with the latest industry trends. Please visit us on: www.goldendrying.pl",,Manufacturer: Ingredients / Additives,Plant-based foods,Fi Europe 2026; Book a meeting; See our Exhibitor Profile; See full Exhibitor List,"Towarowa 3, 05530, Gora Kalwaria, Poland",handlowy@goldendrying.pl,00 48 600 065 238,https://www.goldendrying.pl,https://www.ingredientsnetwork.com/port-everglades-dept-of-broward-county-comp317055.html,317055
Eurochem GmbH,"Whether it is bioactive ingredients for functional food, dietary supplements or natural compounds for cosmetics: Our heart beats for innovative agents derived from nature. In May 1995, Oliver Schulz and Anja Schalin founded “Eurochem Feinchemie GmbH,” to make high-quality raw materials from all over the world available for German and European clients. Thanks to the long-term experience of both partners in the pharmaceutical area, eurochem quickly became one of the most renowned trading partners in the food and cosmetics industry throughout the so-called DACH-region (Germany, Austria, Switzerland). Meanwhile, several regular clients rely on the high-quality products and professional service eurochem offers. With many of our suppliers we maintain exclusive cooperations – and due to recommendations from other satisfied partners, more and more often companies actively offer us the possibility to represent their products exclusively. In May 2015 it was our company’s 20th anniversary. We took this occasion to change our Corporate Design and specify our strength in our name: Since 1st January 2015 we renamed the company into “eurochem Active Nutrition & Science.” Passion for natural ingredients and know-how regarding all aspects of nutraceuticals and cosmeceuticals – that is what we have been standing for throughout the last two decades, and that is what we are very proud of. Eurochem is more than just a supplier of raw materials. We offer our support in product development, supply scientifically substantiated marketing points, compose specialist articles and speak at various conventions. Furthermore, we regularly join in on international research projects – simply because proof of concept for the products we sell is crucial to us.",,Raw Material Supplier,"Ashwagandha, Bioactives Other, Buckwheat",,"Industriestraße 29 Gröbenzell, 82194, Gröbenzell, Germany",info@eurochem.de,,https://www.eurochem.de,https://www.ingredientsnetwork.com/eurochem-gmbh-comp309740.html,309740
Hubei Konson Konjac Gum Co.� Ltd.,"Konson Konjac, a famous manufacturer in the Konjac industry since 1998, is specialised in the research and production of Konjac glucomannan. With safe and stable raw material supply channels, yearly upgraded equipment and advanced management, we have got ISO22000:2005, BRC, kosher and halal certifications. Enjoying good sales and reputation all over the world, we have become one of the best Konjac glucomannan suppliers in China. Konjac Glucomannan is a natural dietary fiber with highest viscosity, as well as primary functions of health benefits. EFSA approved glcuomannan contributes the reduction of body weigh in the context of an energy-restricted diet. Konson Konjac, natural & healthy, your reliable choice.",Africa; Asia; Australia; Central/South America; Eastern Europe; Middle East; North America; Western Europe,Manufacturer: Ingredients / Additives,"Dietary Fibres, Emulsifiers, Stabilisers, Thickeners, Konjac",Fi Asia Indonesia 2026; Book a meeting; See our Exhibitor Profile; See full Exhibitor List,"Huarong Industrial Zone, Huarong District, Ezhou,, China",sales@konsonkonjac.com,+86 027 87863032,https://exhibitors.figlobal.com/2026fij/,https://www.ingredientsnetwork.com/hubei-konson-konjac-gum-co-ltd-comp251184.html,251184
Elephant Pharma,"Elephant Pharma is among the leading companies in the field of dietary/food supplement manufacturing services, sales and marketing of dietary/food supplements under our own brand Strong Nature®. We are also one of the leading suppliers of empty hard gelatin capsules and pharmaceutical packing glass to the Serbian pharmaceutical industry. In 2002 Elephant company started the production of its own Strong Nature® dietary supplements and at the same time started to perform contract manufacturing services for other companies from Serbia and the region. In 2022 Elephant Pharma opened NEW production facility. Elephant company offers full service to its clients – development of the product from the formulation definition to the final product package design. Elephant Pharma has systematically upgraded its business by introducing standard ISO 9001:2015 with HACCP and GMP. Elephant company offers Strong Nature® products and manufacturing services according to Halal standard. Our company cooperates on this field with Islamic Community of Serbia. Strong Nature® portfolio has more than 30 Halal products.",Africa; Eastern Europe; Middle East; Western Europe,Manufacturer: Finished Food Products,"Dietary supplements, Auditing & certifications, Clinical trials",Vitafoods Europe 2027; Book a meeting; See our Exhibitor Profile; See full Exhibitor List,"Prhovacka ulica 157,, Šimanovci, Serbia",vladimir.mirovic@elephant.co.rs,,https://exhibitors.vitafoods.eu.com/vfe27/,https://www.ingredientsnetwork.com/elephant-pharma-comp325998.html,325998
Biostile d.o.o.,"The Biostile brand combines food supplements, cosmetics and teas, the main guideline of which is to effectively help maintain the health and healthy lifestyle of modern man. Biostile products are the result of the active participation of an international team of experts, produced in Slovenia, in their own production, at the headquarters of our company Biovis in Komen. We are especially distinguished by our concern for the high quality of our products, as we use only ingredients of the highest quality, produced in accordance with the highest standards in the industry. The founders of Biostile are members of the Kosmina family, which has been working in the field of food supplements since 1990. Under the patronage of the company, they brought together domestic and foreign experts in the field of food supplements and the best suppliers of ingredients in Europe and upgraded them with modern production plants. The Biostile brand stands out from the range of many providers of food supplements in terms of the high quality of ingredients, more complex composition and a comprehensive approach to the design of quality food supplements in modern society. The emphasis is on a mixture of active ingredients with proven synergistic effects, not just on a single ingredient. In our recipes, modern knowledge gained through a scientific research approach combined with experience gained through traditional approaches and good practices from around the world, used in a holistic approach to solving current life challenges. Wherever is possible and reasonable, organic ingredients used in nature are used instead of synthetic analogues. All products without ingredients of animal origin have a hydroxypropyl methylcellulose (HPMC) capsule and are therefore also suitable for vegans. Some products are adapted to the specifics of modern man, especially in our geographical environment (eg the problem of lack of biologically available selenium a...",Eastern Europe; Western Europe,Contract Manufacturer,"CoQ10, Green tea, Other Proteins - Animal",Vitafoods Europe 2027; Book a meeting; See our Exhibitor Profile; See full Exhibitor List,"Komen 129a, 6223, Komen, Slovenia",marketing@biostile.si,,https://exhibitors.vitafoods.eu.com/vfe27/,https://www.ingredientsnetwork.com/biostile-d-o-o-comp307397.html,307397
Maypro Industries,"When Maypro was founded in 1977 by the Japanese entrepreneur Steve Yamada, it was a small company with a big vision — to improve human health and happiness by importing the best-quality nutraceutical ingredients and fine chemicals to the US market from Asia. At the time, the United States had the population to support massive growth of its fledgling dietary supplement industry, but suffered from a dearth of innovative ingredients. Japan, on the other hand, was developing groundbreaking nutraceuticals at breakneck speed, but its small population limited the ingredients’ growth potential. Maypro became the bridge between the two countries. Many of today’s specialty blockbuster ingredients — such as CoQ10, glucosamine, chondroitin sulfate and alpha lipoic acid — were first introduced from Japan to the US market by Maypro. As the United States started to develop proprietary, patented nutraceutical ingredients in the 1990s, the bridge became two-way, with Maypro pioneering the introduction of Citrimax®, Pycnogenol®, Tonalin®, Neopuntia® and Liposan Ultra® and many other products to the Japanese market. Today, Maypro has grown into one of the largest global suppliers of nutraceutical ingredients and fine chemicals, with six strategically located companies in the US, Japan and China and a global staff of over 100. We continue to build global bridges, expanding into Europe and Latin America, and now service hundreds of countries worldwide.",,,"Alpha-lipoic acid, Chondroitin sulfate, CoQ10",Vitafoods Europe 2027; Book a meeting; See our Exhibitor Profile; See full Exhibitor List,"2975 Westchester Avenue Ste. 411, 10577, PURCHASE, United States",isabel.elias@maypro.com,+1 9142510701,https://www.maypro.com,https://www.ingredientsnetwork.com/maypro-industries-comp271790.html,271790
ALLIANCE,"Discover Our Latest Innovations at FI India At FI India, ALLIANCE is proud to present a wide range of high-quality ingredients designed to meet the evolving needs of the food and allied industries. Our portfolio includes flavors, sweeteners, preservatives, and functional ingredients such as thickeners, emulsifiers, dietary supplements, antioxidants, pH regulators with taste enhancement, stabilizers, and more. Our versatile solutions are suitable for applications across: Bakery & Biscuits Beverages & Confectionery Dairy Products Sauces, Seasonings & Savory Sweets & Nutraceuticals Pharmaceuticals & Cosmetics Show Highlights – Featured Developments Potassium Sorbate Sorbic Acid Lactic Acid Nisin Herbal Extracts Essential Oils Omega MCT Oil Powder DHA 10% Algae Powder Stevia Vitamins, & many more... With innovation and quality at the core, we are excited to showcase our latest ingredients that can help you create products that are healthier, tastier, and more sustainable.",Asia,Distributor,"Acidulants, Amino acids, Ascorbic acid",Fi India 2026; Book a meeting; See our Exhibitor Profile; See full Exhibitor List,"#102, Labh Sarita, Opp. Manek Nagar, M. G. Road, Kandivali (W),, Mumbai, India",admin@allianceindia.co,022- 28013855,https://exhibitors.figlobal.com/fii26/,https://www.ingredientsnetwork.com/alliance-comp250643.html,250643
A/S Crispy Food International,"Crispy Food is Denmark’s largest producer of breakfast cereals and is a merger between Nakskov Mill Foods A/S and Crispy Food A/S. Together we have more than 100 years of experience in producing and marketing breakfast cereals for Brand Owners and Private Label. We are Europe’s leading supplier of Top Cups for the dairy and broader food industry and our years of experience in food product retailing have resulted in a culture of great respect for consumer needs and preferences. We have enhanced our understanding of consumer trends by building strategic partnerships with leading innovation consultancies and educational institutions. Since launching our R&D department in 2004, we have strengthened our position as trusted consultants and partners in innovative product development. As a manufacturer of breakfast cereals for the last 100 years we consider food safety as one of our most important focus areas and our production is approved according to the BRC- and FSSC 22000-certified quality assurance programme. We have always devoted our activities to healthy, nutritious food and today, we are sharply focused on cutting-edge market and consumer trends – in close, creative partnerships with our customers and a powerful network of approved suppliers. Crispy Food A/S is a part of the KOFF group, which is a family-owned holding company consisting of a number of Danish Food companies.",,,Other Cereals & Grains,Fi Europe 2026; Book a meeting; See our Exhibitor Profile; See full Exhibitor List,",,, 4281, Gørlev, Denmark",nvj@crispyfood.com,+45 58 87 05 00,https://www.crispyfood.com,https://www.ingredientsnetwork.com/a-s-crispy-food-international-comp314746.html,314746
Ingreland Limited,"Welcome to Ingreland's world! With over two decades of expertise, Ingreland stands at the forefront of the food and nutrition ingredients sector, serving as a vital bridge between over 500 esteemed suppliers and a diverse customer base through a comprehensive catalog of over 1000 ingredients. Our company's expansive presence includes five regional offices and laboratories spread across the globe, operating under the highest standards as evidenced by our ISO9001, ISO22000, ISO14001, and ISO45001 certifications. We are tirelessly expanding our footprint, actively seeking to establish new offices and laboratories worldwide to bring our expertise closer to customers. At Ingreland, we transcend the conventional role of a distributor; we pride ourselves on being a steadfast ally in the dynamic world of ingredient supply. Step into the realm of Ingreland – where excellence in distribution meets dedication to technical service. Our mission is to streamline the journey from raw material selection to warehouse delivery, ensuring you receive premier raw materials, products, and brands at the most competitive prices. Armed with deep market insights and technical know-how, we are not just another supplier but aspire to be a genuine extension of your supply chain, mirroring the commitment we share with our suppliers. Joining forces with the industry's most reputable ingredient manufacturers, we guarantee our customers access to top-tier ingredients and unparalleled value. At Ingreland, our collaborative approach is designed to refine your supply chain processes and bolster your profitability, solidifying our role as more than a provider— a true partner in your business growth.",,Distributor,"Agar, Alginic acid - alginates, Amino acids",Fi Asia Indonesia 2026; Book a meeting; See our Exhibitor Profile; See full Exhibitor List,"A412-413, Bldg. 1, No. 3398 Sanlu Road, Minhang District, Shanghai 201112, China, China",daisy.he@ingreland.com,86-21-6420 0901,https://exhibitors.figlobal.com/2026fij/,https://www.ingredientsnetwork.com/ingreland-limited-comp313085.html,313085
Anona GMBH,"We develop and produce food products with passion and conviction. For athletes and active people who like to eat a modern and healthy diet. For our customers who aim to win over consumers with nutritional foods and ice cream products. And for our employees who feel at home working for a top employer in the region where they live. Anona is the largest employer in the region. We have had a strong relationship with Colditz and its surrounding area for almost 200 years. We know the people here and we want to support them by creating jobs, working together with regional companies and suppliers whenever possible and sponsoring local projects, sports clubs and educational institutions. From powder and liquids to capsules, tablets, bars and cookies, anona develops and manufactures fitness, sports and lifestyle food products exclusively for private labels. We use more than 2,000 raw materials to create innovative formulas for over 1,000 products per year. From soft ice cream and scoop ice cream to iced beverages, anona develops and produces high-quality ingredients for exciting ice cream products. And provides ice cream parlours, cafes and more with a basis for tempting selections of ice cream and deliciously memorable. Although our roots have been in Colditz in Saxony for almost 200 years, we also operate internationally. From Colditz, we supply our food products to clients in 30 countries on five continents – always reliably and on time, thanks to our modern storage and logistics systems.",,,"Cream - cow, Dairy, Dietary supplements",Vitafoods Europe 2027; Book a meeting; See our Exhibitor Profile; See full Exhibitor List,"Mühlgasse 3, D-04680, Colditz, Germany",,,https://www.anona.de,https://www.ingredientsnetwork.com/anona-gmbh-comp307378.html,307378
Berlin Packaging,"Berlin Packaging Netherlands B.V. is the Dutch operating company of Berlin Packaging, the World’s largest Hybrid Packaging Supplier® of glass, plastic and metal containers and closures. With 100+ years in the packaging industry, 2.200+ packaging professionals worldwide, 1.200+ packaging professionals in EMEA and a global network of suppliers and warehouses, Berlin Packaging provides amazing packaging to its customers all over the world. We can proudly say that Berlin Packaging Netherlands and Berlin Packaging Denmark are certified. The Netherlands is ISO 9001 and BRC – A status cerfified. Denmark is ISO 9001, ISO 14001 and ISO 22000 certified. In summary the ISO 9001 certification means that we can offer our customers good quality products and services. The ISO 14001 certificate focuses on controlling and improving environmental performance by establishing and controlling an environmental management system within our organisation. The certification ISO 22000 is an international food safety standard designed to provide consumers with safe food. Lastly, the BRC certification ensures that the integrity of our products is maintained during the storage and distribution of our products. Gaining these certificates allows us to offer even better service to our customers.",,,,Vitafoods Europe 2027; Book a meeting; See our Exhibitor Profile; See full Exhibitor List,"Bijsterhuizen 2401, 6604LK, Wijchen, Netherlands",,,https://www.berlinpackaging.nl,https://www.ingredientsnetwork.com/berlin-packaging-comp307388.html,307388
"Eightjuice - Laboratrio Nutracutico, Lda","The Eightjuice group was funded in 1998 acting in different markets. Our clients operate in different business areas witch include herbalist shops, pharmacy, para-pharmacy, sports, clinics and food chains, among others. Currently the group is divided by several branches of activity, and the entire group is fit to respond to the needs of the general market and specialty to the needs of the clients. We seek to create the best solutions for our clients, respecting their interests, cultural factors and particularities. We work daily to guarantee the quality vs price of our products, providing our customers with an efficient and adequate technical and marketing support. We inform all our clients with accuracy and transparency of all our products and services available to them. We work with dynamism, simplicity, agility, integrity and trust, seeking to be pioneers and futurists in our offers in order to provide the best business opportunities. We work directly with our clients in order to develop the best solutions for their business. We respect the nature, and the promotion of the wellbeing through health and nutrition, we also privilege the human relationships within our team, with our customers and suppliers. This allowed us to grow in a sustainable manner and in an organized way. Working with the best materials in the development of an innovative concept in terms of formulas and packaging in the nutraceutical field. We present diverse lines in areas of maternal and child health, weight control, antioxidants, sports, among others. We are dynamic, assertive, futuristic and innovative, we aim to be close to our customers by offering value added products and services and with a differential mark.",,,"Other Antioxidants, Children's Health, Sports Nutrition",Vitafoods Europe 2027; Book a meeting; See our Exhibitor Profile; See full Exhibitor List,"Rua Rodrigo Sarmento Beires, n 15, 2840-068, Seixal, Portugal",,,https://www.eightjuice.pt/229-2/,https://www.ingredientsnetwork.com/eightjuice-laboratrio-nutracutico-lda-comp307434.html,307434
"Indokemika Jayatama, PT","For over a decade, Indokemika has been the prime supplier of chemicals to various industries in Indonesia. With extensive business networks, comprehensive product portfolios and firm backing from leading chemical producers around the world, we have been able to position ourselves among the top 3 chemical suppliers in Indonesia.",Asia,Distributor,"Functional (formulated) Ingredient Mixtures, Ingredient Mixtures, Synbiotics, Bakery",Fi Asia Indonesia 2026; Book a meeting; See our Exhibitor Profile; See full Exhibitor List,"Wisma UIC Lantai 3, Jl. Jend Gatot Subroto Kav. 6-7,, Indonesia",ripin@indokemika.co.id,+62 215222172,https://exhibitors.figlobal.com/2026fij/,https://www.ingredientsnetwork.com/indokemika-jayatama-pt-comp254963.html,254963
EXIM PHARMA Sp. z o.o.,"Exim Pharma is a dynamically growing Polish company that provides comprehensive services in the field of development, registration and production of dietary supplements, foodstuff, nutrients. Preparations are made on the basis of our own recipes or the recipes provided by the Client. We provide the highest quality products – both the development cycle and the production process are subject to strict control. We are a Polish company building its success in Poland and abroad. We want to meet the needs of our Clients by offering them products that are distinguished by high quality, innovation, safety and effectiveness. Certifications which confirm our high standards: 1. ISO 22000:2018 issued by SGS 2. GMP issued by SGS 3. ISO 14001:2015 4. BIO 5. Free Sale Certificate We have a modern machine park that allows us to produce a large variety of forms and products. In production, we only use certified, standardise raw materials from Polish and European suppliers and the highest quality machines from renowned European manufacturers. Due to the expansion of our company, our annual production capacity is approximately 1 miliard hard capsules, 1 miliard tablets, 100 million gelatin soft capsules, 35 million soft vegetable capsules based on tapioca, 100 million liquid-filled hard capsules Converting to ready-made packages: approximately 5 millionin liquid forms, 15 million packages with capsules and tablets, 5 million packages in blisters, 1 million packages with powders.Over the past years, our production team has specialized in the production of various product forms with Clean Label technology i.e.without artificial additives, dyes and preservatives.",Africa; Asia; Eastern Europe; Middle East; Western Europe,Contract Manufacturer,"Other Vegetables, Dietary supplements, Functional powders",Vitafoods Asia 2026; Book a meeting; See our Exhibitor Profile; See full Exhibitor List,"Ogrodowa 37/50, 873, Warszawa, Poland",natalia.krasnodebska@eximpharma.eu,48605842836,https://www.eximpharma.eu/,https://www.ingredientsnetwork.com/exim-pharma-sp-z-o-o-comp312499.html,312499
LEHVOSS Group,"Lehmann&Voss&Co. is a chemical company and has been marketing chemical and mineral specialties to industrial customers for more than 125 years. Founded in 1894 as a trading company in Hamburg, our company has developed into a high-performance, application-oriented sales organization - with long-standing connections to mainly foreign suppliers and our own production facilities.",,,,Fi Europe 2026; Book a meeting; See our Exhibitor Profile; See full Exhibitor List,"Alsterufer 19, 20354, Hamburg, Germany",info@lehvoss.de,+49 40 44197-0,https://www.lehvoss.com,https://www.ingredientsnetwork.com/lehvoss-group-comp322395.html,322395
MATRADE - Malaysia External Trade Dev,"MATRADE is represented worldwide at 40 locations in major commercial cities. In Europe, MATRADE runs offices in Frankfurt, London, Paris, Milan, The Hague, Istanbul, Budapest, Warsaw, Kiev and Moscow. As a global trading nation, Malaysian business communities are looking forward to being your long-term business and trusted partners. MATRADE as the national trade promotion agency will be your one-stop source in your search for Malaysian products and services providers. Contact us today with your requirements and we shall match you with your ideal business partner in Malaysia. Our services include: – Providing information on Malaysian products/services, trade fairs and conferences and other events; – Servicing trade and business enquiries on Malaysian exports; – Organisation of business matching between foreign importers and Malaysian exporters; – Providing trade advisory services on doing business with Malaysia; – Assistance for individual companies visiting Malaysia looking for suppliers or business partners; – Delegation and mission organisation and coordination to Europe and Malaysia. – Organisation and coordination of international trade fair participation (Malaysia Pavilion);",Africa; Asia; Australia; Central/South America; Eastern Europe; Middle East; Western Europe,Government /Pavilion Organiser /Trade Association,"Other Amino acids, Other Flavour Enhancers, Beverages / Juices",Fi Europe 2026; Book a meeting; See our Exhibitor Profile; See full Exhibitor List,"Jalan Suktan Ahmad Shah Off Jalan Tunku Abdul Halim, 50480, Kuala Lumpur, Malaysia",info@matrdae.gov.my,+603 60917420,https://www.matrade.gov.my,https://www.ingredientsnetwork.com/matrade-malaysia-external-trade-dev-comp295289.html,295289
"INFOARK INTERNATIONAL CO.,LTD.","Infoark, founded in 2003, is one of the top suppliers for APIs, Intermediates, Food & Feed additives, finished pharmaceutical formulation and healthcare products in China. Our comprehensive business involves: Importing, Exporting, R&D, OEM and Joint production. We are your best choice to get one-stop overall solution service from China. With years of advanced international management experience, International trading is our main development direction. Our service network covers all main API markets, including Latin-America, Southeast Asia, Africa, Japan, Korea, Australia and EU etc., having more than 300 long-term business partners.",,Import / Export Services,"Other Additives, Dietary supplements",Fi Europe 2026; Book a meeting; See our Exhibitor Profile; See full Exhibitor List,"RM.810, NEW LAND PLAZA 58 FUCHENG ROAD HAIDIAN DISTRICT, BEIJING, China",dingyage@infoark.com.cn,010-51668333,https://www.infoark.com.cn,https://www.ingredientsnetwork.com/infoark-international-co-ltd-comp296055.html,296055
KeyPharm Laboratories,"KeyPharm Laboratories helps people live consciously and healthily with natural food supplements, superfoods, aromatherapy, and sports nutrition. Developed in Belgium, our formulas blend scientific innovation with 100% natural ingredients to deliver safe, effective solutions. Our commitment to quality and safety is backed by ISO 22000 and IFS (International Featured Standard) food safety certifications, alongside rigorous testing by independent laboratories. These stringent quality controls ensure the highest standards of food safety and product integrity. As a certified B Corp , we are proud to embed sustainability and social responsibility at the heart of everything we do.",,Manufacturer: Finished Food Products,"Dietary supplements, Capsules, Gummies",Vitafoods Europe 2027; Book a meeting; See our Exhibitor Profile; See full Exhibitor List,"Siemenslaan 11, 8020, Oostkamp, Belgium",keypharm@keypharm.com,,https://www.keypharm.com/,https://www.ingredientsnetwork.com/keypharm-laboratories-comp312806.html,312806
NATRA,"Worldwide Preferred Independent European Chocolatiers. We are the independent chocolatiers preferred for retailers and top brands around the world. Our factories in Belgium, France, Spain and Canada supply top-quality chocolate and the best cocoa ingredients to 90 countries on five continents. An innovative idea sparked the birth of a company destined to become a world leader to produce chocolate and cocoa ingredients. Consumers don’t see our brand, but they experience it when they taste the products we make with passion for the manufacturers of the world’s most prestigious international brands and retailers. We combine the tradition of the best European chocolate with constant innovation to evolve with the changing tastes and needs of consumers around the world: • 7 Factories • 1 Co-Packing facility • 9 offices • +1,400 Employees • 4 consumer products categories • 2 ingredients Range • +90 Countries with commercial operations • €729 Million Turnover We have solid principles and a strong commitment to both society and the planet. We improve the lives of our workers and their communities and support our suppliers with social, environmental and ethical practices. We set ourselves high standards, maintaining and constantly improving performance levels for our customers, simplifying ingredients, designing eco-friendly packaging, using renewable resources and applying the most demanding health & safety measures. We work together to achieve our objectives, sharing information, supporting and recognising the contribution each member of the organisation makes in pursuit of our common goals. We create and promote new ways of doing things and new opportunities to grow our business. We truly believe our talented people can create solutions to transform our company, our market and society.",,,"Cocoa, Confectionery",Fi Europe 2026; Book a meeting; See our Exhibitor Profile; See full Exhibitor List,"Autovia A3, Salida 343 Cami de Torrent s/n Quart de Poblet, 46930, Valencia, Spain",,,https://www.natra.es,https://www.ingredientsnetwork.com/natra-comp326197.html,326197
NDC Exports ( Pvt ) Ltd,"Birthed in the year 2002, we have established ourselves as one of the leading Coconut product suppliers in Sri Lanka, reaching to you under the brand name “Cocomate” of NDC Exports. Based at the heart of the Coconut Triangle of Sri Lanka – our source and our inspiration; we deliver the purest form Coconut through our extensive line of organic products, welcoming everyone across the globe to the tropical goodness that all of us as islanders are blessed with. Apart from our core product line comprising of premium coconut products, we have also broadened our horizon by introducing organic fruits and spices processed and cared for by modern tech advances, in our own factory sites. As our core-line of products are focused on exquisite Coconut product varieties such as Virgin Coconut Oil, White Oil and Coconut Oil, which are exported to the international market. Our Virgin Coconut Oil is made in highest quality, free from all chemicals confirming the purest and freshest coconut aroma coupled with the lightest of taste. Our quality control is stern, which monitors and maintain the standards for all our products to be 100% natural and we have organic certification for our entire product line. But having a store full of premium products doesn’t mean anything if our valued prospects are unhappy. Therefore, we always identify ourselves as a 360-degree company that focuses on all aspects including well-defined conflict resolutions to attend to your grievances at the quickest turnaround time. Among our services we guarantee Assistance for potential and existing customers to identify best-suited products for their needs. Recognition, Innovation and Promotion of newer and best products to meet various customer needs. Assurance of the best quality of the products. After sale supports. High Flexibility & Commitment. Feel free to come to us; COCOMATE means “COCOfriend”",,,"Coconut oil, Coconuts, Other Spices",Fi Europe 2026; Book a meeting; See our Exhibitor Profile; See full Exhibitor List,"Nadalagamuwa, Wadumunnegedar, Pannala, Sri Lanka, 60204, Pannala, Sri Lanka",,+94777713677,https://www.cocomate.com,https://www.ingredientsnetwork.com/ndc-exports-pvt-ltd-comp304736.html,304736
NOVELTY PHARMA GDD SA,"Established in 2001 with the objective to become a market leader and solution provider in effervescent technology for the efficient delivery of novel healthcare and nutraceutical products. Headquartered in Lugano, Switzerland, Novelty Pharma has focused on the development of Galenical formulas using effervescent technology for well over a decade. Since its inception, Novelty Pharma has become a name synonymous with unique effervescent products of the highest quality. Novelty Pharma has proven experience in creating innovative effervescent formulations that utilise propriety ingredients. Our products not only taste great, but also provide the consumer with a more convenient and enjoyable method of supplement and medication delivery. With over 16 years of R&D and manufacturing experience in effervescent products, Novelty Pharma is a market leader in effervescent technology and one of the largest manufacturers and suppliers of effervescent products globally. To this day, the primary business of Novelty Pharma remains the development and marketing of novel healthcare, with an emphasis on creating unique brands for international markets. We are proud that our effervescent products and innovations are now marketed by our partners in 40 different countries across 4 continents.",,,"Dietary supplements, Protein products",Vitafoods Europe 2027; Book a meeting; See our Exhibitor Profile; See full Exhibitor List,"Via Al Mulino 22, 6814, Cadempino, Switzerland",,,https://www.noveltypharma.com,https://www.ingredientsnetwork.com/novelty-pharma-gdd-sa-comp312646.html,312646
Productos Aditivos S.A.,"Productos Aditivos was founded in 1929 in Barcelona, as a producer of saccharin and chloroform. Soon after the company started to evolve into what it is today: the sole European producer of saccharin and cyclamate, being the preferred partner for a large number of companies in the high-end of the food market and the pharmaceutical industry, throughout more than 60 countries. During the last decade Productos Aditivos entered in several new ventures, with the production of Fortification Premixes, Polisucra® Sweetener-blends and Flavours. In all these fields we take advantage of our profound knowledge in R&D, Production, QC and Quality Assurance. Over 80 years of close cooperation with a wide range of companies throughout different industries, give us a solid background to offer significant added value also with these business lines. MISSION Design, produce and sell excipients and food additives of best quality, applying the highest safety standards to safe-guard the well-being of the final consumer, our clients, our workers and the society in general. Being a reliable supplier, regarding product quality and service, as well as any other compromise towards our clients. Continuously improve the satisfaction of our clients, supplying products of high quality with best service at optimum price, in order to improve their benefit. Being a reliable partner for our partners, clients as well as suppliers, always trying to obtain maximum benefit for all parties to assure continuity of business. Satisfaction of workers, with training, information and acknowledgement. Develop all activities of the company with the maximum respect for the society in general, especially regarding the environment, minimizing or eliminating any impact our activities could have. FACTS Over 80 years in production of food- and pharmaceutical additives Over 4.000 mt of additives produced per year Over 2.000 flavours developed More than 25 % of our team is chemist The 1 and only European producer of Cyclamate and Saccharin Supplying to far over 100 pharmaceutical companies Sales to over 60 countries on 6 continents Shipments from 5 kg to 22.000kg., depending on the product 5 courses per year for our people in production and laboratory Over 15 audits per year 15 minutes from Seaport, 20 minutes from airport, 5 minutes from major European motorway 1 dedicated line for Saccharine production 1 dedicated line for Cyclamate production Partner in 2 EU- R&D projects Partner in 5 Spanish R&D projects Over 350 new products developed per year",,,"Other Additives, Other Flavourings, Other Sweeteners",Vitafoods Europe 2027; Book a meeting; See our Exhibitor Profile; See full Exhibitor List,"Avda. La Ferrería, 40 Pol. Ind. La Ferrería, E-08110, Montcada i Reixac (Barcelona), Spain",,,https://www.productosaditivos.com,https://www.ingredientsnetwork.com/productos-aditivos-s-a-comp309058.html,309058
Altaquimica S.A.,"Altaquímica was founded in 1959 as a distribution company of raw materials for the pharmaceutical sector. The constant dedication and successful management of the relationship with customers and suppliers allowed the new company to consolidate and increase its prestige in the sector. Subsequently, as a result of the growing demand, it became essential to hire a new 5,500 m2 warehouse near the city of Barcelona. Years later, Altaquímica continued its expansion, expanding production to the sector of ingredients and additives for the food industry, an area in which it has achieved significant recognition. At present, it can be said that Altaquímica has been growing adapting to the needs of the market and that it has managed to be a trustworthy company that offers personalized service and an organization that stands out, among others, for the following points: A wide range of quality products at a competitive price. Search for products in international markets to provide any type of active principles (API), intermediates for the pharmaceutical industry and ingredients and additives for the food industry, among which we can find amino acids. We highlight on fast deliveries thanks to permanent stock and efficient organization.",Western Europe,Raw Material Supplier,"Emulsifiers, Stabilisers, Thickeners, Other Additives, Other Algae",,"Casp 86, 08010, Barcelona, Spain",j.monleon@altaquimica.com,,https://www.altaquimica.com,https://www.ingredientsnetwork.com/altaquimica-s-a-comp326227.html,326227
ROYAL INGREDIENTS GROUP,"We are Royal Ingredients Group, a leading global supplier of ingredients for food and non-food applications. We offer a broad range of products such as proteins, starches, fibers, sweeteners and various co-products that offer high nutritional value and functional benefits. Our Royal Lion brand is well-known and trusted in the industry across different sectors worldwide. Founded in 2007 in Alkmaar, Royal Ingredients Group has grown over the last decades into an active player in the distribution of ingredients with an agricultural origin. Our global presence ensures that our high-quality products reach every part of the world, contributing to the success of many industries. With our headquarters in Alkmaar, the Netherlands, and offices in the United States, Mexico, China, Spain, Dubai and India, we combine a global perspective with a local touch. Our committed team of more than 80 professionals works in more than 70 countries. What makes us different is our strong relationships with customers and suppliers, delivering high-standard service supported by our extensive market knowledge and in-house logistics expertise. Royal Ingredients Group operates independently under the Cefetra Group, which is based in Rotterdam.",,,,Fi Europe 2026; Book a meeting; See our Exhibitor Profile; See full Exhibitor List,"Noorderstraat 1C, 1823 CS, ALKMAAR, Netherlands",,,https://www.royal-ingredients.com,https://www.ingredientsnetwork.com/royal-ingredients-group-comp478831.html,478831
ACT Capsules GmbH,"Guang De Li (GDL) Capsule Company was established in Taiwan in 1982 , adopting self-developed machines and technologies to manufacture high quality, empty two-piece hard capsules. With three manufacturing plants located in Taiwan, Shanghai, Guizhou and two sales companies in California, USA and Manila, Philippines, GDL has been supplying hard gelatin capsules and vegetarian capsules made of HPMC (Hydroxypropyl methylcellulose) and Pulullan (polysaccharide derived from sugar cane) for Pharmaceutical and dietary supplement markets. The capsule production processes are under strict control and is in accordance with the PIC/S GMP and is ISO 9001:2015 certified. Existing suppliers of API, Excipients and packaging materials for pharmaceutical and nutraceutical industries are invited to discuss agency, distributorship of our products or representing GDL for your local customers and markets.",,,,,"Herrenpfad-Süd 9,, 41334, Nettetal, Germany",,,https://www.gdlcap.com,https://www.ingredientsnetwork.com/act-capsules-gmbh-comp475333.html,475333
Thanma GmbH,"Thanma GmbH was founded in 2018 by the three brothers Thomas, Andreas and Markus Mayer. After searching for great products all over the world, we found a perfect product area for us, juice powder. Juice powders have many advantages compared to whole plant powders, so we decided to specialize in them. Now we sell organic grass, vegetable and fruit juice powder in the best quality we could find on this earth. Since we are still relatively new to the market, we are growing, expanding our product range and looking for new partners. If you would like a partner who is reliable from small quantities to the high tonnage range, please contact us at any time. We look forward to seeing you. We love service From purchasing, scheduling, incoming and outgoing goods in the warehouse to our drivers and consultants on the phone: All our employees are highly qualified and work all day long with only the best for our customers in mind! We love quality Organic and eco are not empty buzzwords for us but a real promise to our customers that we select our partners with the utmost care! We regularly check our suppliers and their products to ensure that they meet our quality criteria. We love juice powder We fully stand behind our products. One of our guiding principles is that we only want to sell our customers products where we can stand behind them with our name. And with a clear conscience we can say that the juice powders and their high benefits meet this goal.",,,"Lemongrass, Other Fruit, Other Vegetables",Vitafoods Europe 2027; Book a meeting; See our Exhibitor Profile; See full Exhibitor List,"Aich 3, 83379, Wonneberg, Germany",,,https://www.thanma.de,https://www.ingredientsnetwork.com/thanma-gmbh-comp307613.html,307613
"Liaoning Kexin Biotechnology Co.,Ltd","Quantum Ingredient SARL is a leading manufacturer&distributor of dietary supplement ingredients. We specialize in the production of high-quality ingredients including L-carnitine, BHB(Beta Hydroxybutyrate), L-theanine. etc that support a healthy lifestyle. Our products are carefully formulated and rigorously tested to ensure their efficacy and safety. Quantum Ingredient SARL, we are committed to using only the finest ingredients from around the world. We work closely with our suppliers to ensure that our products are ethically sourced and sustainably produced. State-of-the-art manufacturing facilities utilize cutting-edge technology to produce the highest quality ingredients. Quantum Ingredient team of experienced researchers and scientists are dedicated to developing innovative and effective ingredients that promote health and wellness. We believe that everyone should have access to the best possible nutrition, which is why we strive to make our products affordable and widely available. We are proud to serve customers in the health and wellness industry, including manufacturers of dietary supplements, food and beverage companies, and healthcare professionals. With a commitment to quality and innovation, Quantum Ingredient SARL is a trusted partner for all of your dietary supplement ingredient needs.",,Manufacturer: Ingredients / Additives,"Algae oil, Bioactive Compounds - Other, Blue-Green algae",,"Liaoning Kexin Biotechnology Co.,Ltd, Dalian, China",jay@quantumingredient.com,15021212471,https://exhibitors.vitafoods.eu.com/vfe26/,https://www.ingredientsnetwork.com/liaoning-kexin-biotechnology-co-ltd-comp312919.html,312919
Qingdao Qingmei Biotech Co Ltd,"QINGDAO QINGMEI BIOTECH CO., LTD (hereinafter referred to as Qingmei) is a specialized pharmaceutical company, which is to expand international business and strategic cooperation with suppliers. The company is located in the beautiful coastal city of Qingdao, near City Hall and the May Fourth Square, and also close to the port, so that it has convenient traffic conditions for trade. The company's business focuses on the development and promotion of the pharmaceutical chemicals, animal health, food additives, plant extracts, cosmetic raw materials, intermediates and other fine chemicals. Production in Qingmei is in accordance with GMP standards, and files are compiled and registered in regulated market to ensure smooth supply channels. Guided by the market development, Qingmei works hard to cover more customers. Our products are widely sold to regions of Asia, Africa, Europe, Latin America, and long-term stable cooperative relations have been established with merchants from hundreds of countries and regions with our cooperation agencies in Turkey, South Africa, Indonesia, Russia, Brazil, Canada and the United States working stably. We are looking forward to making progress together with you!",Africa; Asia; Australia; Central/South America; Eastern Europe; Middle East; North America; Western Europe,Distributor,"Ascorbic acid, Other Additives, Other Amino acids",,"RM1105, Hoye Center, No,47 Heilongjiang South Rd, 266033, Qingdao, China",dennis@qingmeibio.com,,https://exhibitors.vitafoods.eu.com/vfe26/,https://www.ingredientsnetwork.com/qingdao-qingmei-biotech-co-ltd-comp326167.html,326167
"Seebio Biotech (Shanghai) Co., Ltd.","Seebio Biotech (Shanghai) Co., Ltd., stands out as one of the top suppliers of Vitamin K2 (menaquinone). Founded in 2003, Seebio initially focused on being a local manufacturer of IVD raw materials. In early 2021, Seebio entered a pivotal phase of growth with its relocation to Chuansha Smart International Industrial Park. Subsequently, in 2023, Seebio Bio-Pharmaceutical Industrial Park project in Hubei marked a significant expansion. As a global integrated service provider specializing in IVD raw materials, biochemical reagents, food ingredients, pharmaceutical excipients, medical aesthetics ingredients, natural extracts, as well as instruments and consumables, Seebio is winning customers' recognition through high quality and excellent service.",,,,,"11#-502, Lane 299, Bisheng Rd zhangjiang High-tech Park, 201204, Shanghai, China",,,https://www.cxbio.com,https://www.ingredientsnetwork.com/seebio-biotech-shanghai-co-ltd-comp319642.html,319642
"Xi'an Healthful Biotechnology Co., Ltd","As a high-tech biotechnology company based on R&D and innovation, HSF has integrated and optimized Oil Esterification and Molecular Distillation Technique, High efficiency separation technology, Functional factor microencapsulation technology, Directed microbial fermentation technology, providing systematic product solutions to the global customers in nutrition and health field.“Innovation serves a better life” is HSF’s tireless pursuit and belief of innovation and development. Our core business scope covers the research and development, production and sales of a multiple series of products including plant sterols/esters, natural vitamin E, functional oil microencapsulation, functional powder microencapsulation, microbial fermentation and ferulic acid. The products are widely used in the fields of edible oils, pharmaceutics, health foods, dairy products, dietary supplements, personal care products and animal nutrition etc.. HSF is earliest a large-scale high-tech enterprise specialized in the research and development, production and market application of phytosterols/esters in China; an important pioneer, market promoter and participant in the formulation of national industry standards of China phytosterol/esters industry; and one of the major suppliers of plant sterols/esters in the world. Our products are breaking up of foreign technology monopolies and filled the gap in the domestic market. We have successfully developed a large number of subdivided products with deep application of phytosterols/esters, high-end natural vitamin E and microencapsulated lipid powder, have been well received by well-known brand customers at home and abroad. Meanwhile, HSF has established a comprehensive technology platform and a bountiful of products and technologies with independent intellectual property rights. In 2016, HSF won the “Second Prize for Science and Technology Progress in Shaanxi Province”, in 2017, awarded the honor of “Gazelle Enterprise” in the National Agricultural Demonstration Zone. In 2018, approved as Shaanxi Province Innovation R&D Center and Provincial Innovation Demonstration Enterprise, and in 2019, approved as National Key Engineering Test and Research Center. In 2020, HSF won the second prize of Shaanxi Science and Technology Award and Shaanxi Province ""Specialized and Special New"" Small and Medium-sized Enterprises. In 2021, participated in two national key research and development plans, undertaken 9 national and Shaanxi provincial science and technology projects, and has 59 invention patents. The company led and participated in the drafting and formulation of national industry standards for phytosterol, phytosterol ester, natural vitamin E raw material DD oil etc.. Since 2012, with 10 years’ continuous R&D and optimization of fermentation & extracting technology, HSF invested 5,000,000 USD and 8,000,000 USD in its first and second industries zone in city of Yangling. With the two individual manufacturing sites, Fermtek™ can provide our customers options with small, mid-sized and large-scale production capacity, ranging from one –stop service. HSF is committed to taking the road of technological innovation and technology first, having a number of post-doctoral and graduate technical teams with strong independent research and development and industrialization in the fields of biology and food and core patented technologies in a number of cutting-edge biotechnology and life sciences. Meanwhile, HSF has been carrying out academic and research cooperations with China Agricultural University, JiangNan University, South China University of Technology, Jinan University, Northeast Agricultural University and other well-known universities in the field of biology and food in the country, has formed a business model driven by scientific research, development and market, with outstanding competitive advantages.",,,"Acetic acid, Fish oil, Sorbitan esters",,"Floor 8, Huihang Plaza, Hang Tuo road, Chang'an District, 710100, Xi'an, China",,,https://www.healthfulbio.com,https://www.ingredientsnetwork.com/xi-an-healthful-biotechnology-co-ltd-comp313998.html,313998
"REINDEER BIOTECH CO.,LTD","REINDEER BIOTECH CO.,LTD, established in 2007, is one of important manufacturer and suppliers for raw material for Nutraceuticals, Pharma, Cosmetic and food industry in China. Since its establishment, we has independently developed and produced various dry extracts and liquid extracts such as red clover, angelica, green tea, ashwagandha, hedera helix, ginseng, Siberian ginseng extract. In order to meet the needs of the market , we have put forward a diversified development plan, through the integration of domestic high-quality resources, select the best domestic health raw materials, after 5 years development, we have achieved a rich and comprehensive product development and we will continue strive to become a specialized platform integrating R&D, production, sales, and promotion into the food industry, feed additives, and pharmaceutical and chemical raw materials.We adheres to the concept of global health, insists on serving customers with the best quality and price, and strives to become a reliable Chinese raw material supplier for customers all around the world.More detailed information may be found at product group focused parts of our web.We are looking forward to cooperating with you",Asia; Eastern Europe; North America; Western Europe,Raw Material Supplier,"Beta-glucans, CoQ10, Magnesium",,"Room 2908, Hualing New City Landmark, 208 East, 410007, CHANGSHA, HUNA, China",sales@reindeerbiotech.cn,86-0731-85669416,https://exhibitors.vitafoods.eu.com/vfe26/,https://www.ingredientsnetwork.com/reindeer-biotech-co-ltd-comp313938.html,313938
"Changzhou Cognis Chemical Co., Ltd.","We are one of the largest distributors of food additives and ingredients in China. As we have built strong cooperative relationship with our suppliers, high-quality products with good price can be provided to our customers in worldwide. We are professional, reliable, and efficient. Cognis has focused its efforts on providing its customers with integrated value-added products and concepts, rather than merely selling chemical ingredients.",,,"Nutrition ingredient mixture, Other Additives",,"Room 1408, Building 5, Changfa Commercial Square, Xinbei District, Changzhou City, China",michael@cognis-chem.com,13955018318,https://exhibitors.figlobal.com/2026fij/,https://www.ingredientsnetwork.com/changzhou-cognis-chemical-co-ltd-comp319471.html,319471
Indus Biotech Limited,"Founded in 1995, Indus Biotech is a pioneer in deriving science based dietary ingredients from food chain raw materials through revolutionary patented technology. Our raw materials are sourced from verified and validated suppliers. We take ownership of the raw material from origin to production of the final product. Our proprietary products are distributed around the world by our marketing partners. Our products are backed by strong clinical and scientific evidence. We derive our ingredients from food chain raw materials. From our ingredients, we develop innovative solutions for health and wellness. OUR RESEARCH & DEVELOPMENT EXCEL IN Fenugreek seeds - Fenugreek (Scientific Name: Trigonella foenum-gracum) seeds have stood the test of time as a medicinal plant. Fenugreek is an integral part of many traditional healing systems. The multiple medicinal benefits of Fenugreek seeds have led to a focus on it as a nutritional supplement. We, at Indus Biotech, have pioneered research on Fenugreek seeds. Our R&D has led to the discovery of many bioactive molecules in Fenugreek seeds. Our science has harnessed the potential of these molecules for promising healthcare applications. Cinnamon bark - Cinnamon (Scientific Name: Cinnamomum zeylanicum) bark is a traditional treatment for inflammation, pain, fever and arthritis. Cinnamon bark also boosts immunity. Our research on Cinnamon bark has led to the identification of specific polyphenols effective against chronic immune and infectious conditions including allergic rhinitis. Gotu Kola leaves - Gotu Kola (Scientific Name: Centella asiatica) leaves are part of Asian and African healing systems. The medicinal properties of Gotu Kola are derived from constituents called Triterpenes. With our platform technology we have identified and characterized our patented composition of Triterpene molecules.",,,"Cinnamon, Fenugreek, Gotu kola",Vitafoods India 2027; Book a meeting; See our Exhibitor Profile; See full Exhibitor List; Vitafoods Europe 2027,"1 Rahul Residency, Off Salunke Vihar Road, Kondhwa, Pune, India",info@indusbiotech.com,+91 8378929851,https://exhibitors.vitafoodsindia.com/2027vfi/,https://www.ingredientsnetwork.com/indus-biotech-limited-comp306246.html,306246
Simply You Pharmaceuticals a.s.,"Simply You Pharmaceuticals a.s. is a producer of unique nutraceutical and pharma-cosmetic products with significant competitive advantages, since 2010 with strategic orientation to penetrate in medical devices market segment on domestic and export markets. Simply You Pharmaceuticals is a dynamically growing multinational company specializing in the research, development, and manufacturing of high quality nutraceutical and pharma-cosmetic products, and operating in strategic commercial alliances, innovative research and development institutes and production units integrated within the alliance. Within the business ethics of our company, we place great emphasis on the professional quality of our employees. We establish long-term strategic partnerships with a range of external specialists, consultants, suppliers and business partners. Our philosophy is to participate actively in improving our customers’ health and thus to contribute to making their lives happier and more satisfying. Simply You Pharmaceuticals – improving your well-being.",,,Pharma and OTC products,,"Rohácova 188/37, 130 00, Praha 3, Czech Republic",,,https://www.simply-you.eu,https://www.ingredientsnetwork.com/simply-you-pharmaceuticals-a-s-comp324288.html,324288
Xi'an Yuensun Biological Technology Comp,"Yesherb is a famous brand focus on natural botanical ingredients. It belongs to the manufacturer named Lifewe Bioengineering, which is an innovative high-tech enterprise integrating R&D, production and committed to providing the ingredients in the food, nutriceutical and pharmaceutical industries. We now have a team with more than 150 empolees. The marketing and sales headquarters is located in Xi'an, China, Which is named as Xi'an Lifewe Bio-tech, also wellknown as Xi’an Yuensun Bio-tech in the domestic market. And we also has a sales branch in US named Yesherb Ingredients Inc (Yesherb Group). Our factory covers an area of 35,000 square meters. We now have two main ingredients production workshops, one is food ingredients production line based on various kinds of fruit and vegetables powders. The other one is plant extract production line with featured products like Epimedium extract, Rhodiola rosea extract and other herbal extracts. For our quality control, we have equipped with advanced testing equipment such as Shimadzu from Japan and Waters from the United States. It can test the products’ content, heavy metals, pesticide residues, microorganisms and other items to ensure the products comply with different food and drug standards in various countries. Meanwhile, Our factory has obtained HACCP, FSSC22000 and other quality management system certifications, and the products have also obtained the US USDA organic and the EU organic certification, the OU Kosher certification, and the Halal certification. With years of market expansion, our ingredients brand ""Yesherb"" has been trusted by customers all over the world, and our products are deeply loved by our loyal customers, Our hot selling pomegranate powder, goji Powder, blueberry powder has entered the whole foods market in US. And if you have bought beet root powder from Walmart, I think you've aleady become one of our indirect customer. Also if you go shopping at ALDI food store in Europe or Australia, You will see our wheat grass powder, barely grass powder or even spirulina powder on the superfood shelf. No matter where you are, we treasure every opportunity to cooperate with you.",,,"Barley, Blue-Green algae, Blueberries",,"No.18 Zone C, Pioneering R&d Park no.69 Jinye Rd., 710076, Shaanxi, China",howey@yesherb.com,86-29-81024172,https://www.yuensunshine.com,https://www.ingredientsnetwork.com/xi-an-yuensun-biological-technology-comp-comp313310.html,313310
ALLYWE BIO-TECHNOLOGY HEBEI CO LTD,"Allywe Bio-Technology Hebei Co., Ltd. is founded in Shijiazhuang City, Hebei Province, and it provides one-stop supply-chain services of food additives, feed additives, sweeteners and pharmaceutical raw materials to customers around the world. We select the leading supply partners in the industry to ensure the quality and stability of the products we provide to our clients. Thanks to the close and steady relationship with suppliers and strong partners, as well as efficient and deep communication, we are knowledgeable in the industry and the products. Therefore we have further insight into the coming changes and the product trends. So that we are competent of provide clients with forward-looking procurement suggestions and fast delivery solutions. Since the beginning of our business, we have established long-term partnerships with our clients all over the world. There are multinational companies as well as market-segment leaders located in USA,Europe, Southeast Asia, South America and So On. We offer single and packages of solutions that benefit our customers spanning from vitamins, amino acids, sweeteners and pharmaceuticals, etc. Our philosophy is “Sincere, Professional, Dedicated, Customized” ﻿﻿",,,"Other Additives, Other Amino acids, Other Sweeteners",Fi Europe 2026; Book a meeting; See our Exhibitor Profile; See full Exhibitor List,"Room 201,Unit 2, Building 8th, Zhenlan Garden,Rongchuang Center, No.99 Zhaobu Street,Yuhua District,, 050000, Shijiazhuang City, China",tyler@allywe.com,,https://exhibitors.figlobal.com/fie26/,https://www.ingredientsnetwork.com/allywe-bio-technology-hebei-co-ltd-comp316475.html,316475
"Bronson and Jacobs International Co., Ltd.","With extensive industry experience and global reach our qualified team of professionals are able to bring you comprehensive assistance across our product range and your application categories. Together with our world leading principals we aim to deliver technical innovation, application technology, superior service and customer satisfaction. Bronson & Jacobs supply ingredients that assist with the stimulation and motivation of our senses. We understand the risks associated with products for human consumption and on body application and the requirement for proven systems and processes to ensure they comply with the highest quality standards. This also means we value the importance of investing heavily in our people, logistical infrastructure and the ongoing development of our network for suppliers and customers. Working as part of the Orica Chemicals Group we are able to meet these requirements by way of an efficient, globally competitive, large-scale supply chain network. Bronson & Jacobs formulates and supplies raw materials to meet the exacting requirements of customers, large and small across a wide range of industries, including: food, pharmaceutical, cosmetics, flavours, personal care, nutritional and complimentary health, fragrances, essential oils and aromatic chemicals.",Africa; Asia; Australia; Central/South America; Eastern Europe; Middle East; North America; Western Europe,,"Other Flavourings, Nutricosmetics, Sports Nutrition",Vitafoods Asia 2026; Book a meeting; See our Exhibitor Profile; See full Exhibitor List,"4/11 Moo 8. Soi Watsrivareenoi,, Bangplee, Thailand",sira@bjinter.co.th,+62 215399358,https://exhibitors.vitafoodsasia.com/2026vfa/,https://www.ingredientsnetwork.com/bronson-and-jacobs-international-co-ltd-comp256411.html,256411
Cellmark,"CellMark is a privately-owned, independent marketing and supply chain services company providing products, services and solutions to customers and suppliers all over the world. We facilitate trade and business development across multiple industries using our many local offices and professional expertise. Through a network of 70-plus offices in 30-plus countries, we provide a full suite of services: sourcing, sales and marketing, exclusive representation, finance, logistics, regulatory compliance, business development and custom chemicals manufacturing. We also partner with clients to identify new business opportunities that add value to their processes and products, or sometimes serve purely as an external sales or sourcing division for our client. Our annual sales are approximately USD 3.6 billion, with volume of more than 7 million tons annually. Our footprint is in more than 125 markets. Serving a multitude of industries, our daily challenges come in all shapes and sizes. That means we must truly be where our customers and suppliers are, as well as being one step ahead. And our people need to be as diverse as our wide variety of business partners. One key factor for how we do business is our company culture. Centered around informed creativity, our culture is designed to empower each individual to be their own entrepreneur. We do this by shortening decision-making processes, reducing lead times, and making our clients quicker on their feet. But being swift only helps us today. In order to succeed tomorrow, we need a much larger perspective. That is why our main investments go toward continuity, longevity, and long-term business relationships based on integrity and respect.",Asia; Eastern Europe; Middle East; North America; Western Europe,Distributor,"Other Amino acids, Other Proteins - Animal, Dietary supplements",Vitafoods Europe 2027; Book a meeting; See our Exhibitor Profile; See full Exhibitor List,"Peter-Müller-Straße 14a, 40468, Duesseldorf, Germany",alexander.elo@cellmark.com,,https://exhibitors.vitafoods.eu.com/vfe27/,https://www.ingredientsnetwork.com/cellmark-comp309035.html,309035
ANKA SPRAY KURUTUCU PROSES MAKINE A.S.,"Our company is a leading manufacturer of machinery, plants and complete processing lines for various industrial sectors, and one of the largest suppliers of technology for the food processing industry and for a wide range of other process industries. Our equipment, from single components for dairy machines to entire production lines, comprises of custom-made expert work and complies with the latest European directives. ANKA MAKINE is a recognized industry system design leader for everything from milk, (milk powder, sweetened condensed milk, whey, ice-cream, cheese, butter, yoghurt, curds, kefir and others) whey, egg, flavours, starch and starch derivative (fructose, crystal fructose, maltodextrin) and other liquid flow processing and heat-treatment systems, concentration, separation, standardization and related processes. Our company designs and manufactures equipment for drying, concentrating, cooling, and related process equipment at its manufacturing facilities. We guarantee the performance of our equipment such as dryers, evaporators, coolers, screeners, atomizers, mixers, reactors and tanks.",,,,Fi Europe 2026; Book a meeting; See our Exhibitor Profile; See full Exhibitor List,"Antakya OSB Senbuk Mh. 9 No.lu Yol Cd. No:13 Belen, 31000, ISTANBUL, Türkiye",,,https://exhibitors.figlobal.com/fie26/,https://www.ingredientsnetwork.com/anka-spray-kurutucu-proses-makine-a-s-comp476711.html,476711
CITROMIL S.L.,"Citromil is a family business, created in 1991 by the Vilaplana Perez family. At present, the second generation is in charge. Our activity has been very closely linked to lemons since its beginnings, and our plant location in Murcia, the heart of the largest lemon producing area in the northern hemisphere is perfectly fitted. We are one of Europe’s main lemon processors, and leaders in the industrialisation of organic lemon. We export 90% of our products to the first international markets. Trust is the word we use to define the character of our company, it’s the base of our long term relationship with our suppliers and clients. Together with our staff, they are the key to the good functioning of our project.",,,Lemons,Fi Europe 2026; Book a meeting; See our Exhibitor Profile; See full Exhibitor List,"Carretera de Abanilla, 30140, Santomera, Spain",marketing@citromil.net,,https://exhibitors.figlobal.com/fie26/,https://www.ingredientsnetwork.com/citromil-s-l-comp323602.html,323602
Qemetica S.A.,"QEMETICA is a Polish-owned international chemical group with a strong position in global markets. It is one of the largest producers and suppliers of key chemical raw materials in Europe. Its products are used across multiple industries, including construction, agriculture, automotive, manufacturing, and everyday consumer goods that reach millions of people worldwide. The Group operates production sites in Poland, Germany, the Netherlands, and the United States, and employs around 3,500 people across several countries. Its development is supported by the strategic investor Kulczyk Investments. QEMETICA comprises nine business lines, offering dozens of solutions used in everyday life. Its largest segment, Soda, supports glass production, detergents, electronics, as well as food, pharmaceuticals, and cosmetics. Salt is used in food production and water treatment and softening processes. Precipitated silica is applied in tires, shoe soles, and batteries, while silicates are used in paints, coatings, and toothpaste. The Agro segment provides crop protection solutions that improve productivity and food safety. QEMETICA Glass is a leading producer of grave lanterns in Poland, Polyurethanes supplies PUR foams for furniture and mattresses, and Cargo provides rail transport services. The newest business, QEMETICA Future, focuses on innovation and rapid industrial application of new technologies. QEMETICA combines a modern business approach with a strong commitment to sustainable development. Since 2020, the company has been a participant of the United Nations Global Compact. We focus on innovation, operational excellence, and modern management, offering our employees opportunities to grow, make an impact, and shape the future of the organization. We are looking for ambitious people who set high goals, enjoy delivering results, and want to actively contribute to change. Join our team today!",,,,Fi Europe 2026; Book a meeting; See our Exhibitor Profile; See full Exhibitor List,"Wspólna 62, 00-684, Warszawa, Poland",,,https://exhibitors.figlobal.com/fie26/,https://www.ingredientsnetwork.com/qemetica-s-a-comp478825.html,478825
Sensapharm d.o.o.,"We are an innovative Croatian manufacturer, and our activities are based on dietary supplements and natural cosmetics. After many years of experience in the country and abroad, a team of people gathered in one place with the desire to promote a better quality of life. We strive to achieve success, exceeding the expectations of our customers and suppliers, guided by the goal of improving health, providing services and producing innovative, price acceptable products with international quality standards, promoting a healthier lifestyle. We are committed to the development and well-being of the community, building a healthier business and living environment, with the preservation and sustainable development of the environment. We know how to appreciate the success of our competitors, respect them and learn from them, within strong ethical principles. Our work includes a closed cycle of raw material manufacture and processing, controlled production and open and direct communication so everyone can choose the best solution for existing problems / needs based on the provided information. Together we can improve the quality of life!",,,,Vitafoods Europe 2027; Book a meeting; See our Exhibitor Profile; See full Exhibitor List,"Vladimira Nazora 25, 10292, Donji Laduc, Croatia",,,https://exhibitors.vitafoods.eu.com/vfe27/,https://www.ingredientsnetwork.com/sensapharm-d-o-o-comp475697.html,475697
Pure Gelatine (pvt) Ltd.,"At Pure Gelatine, we take pride in producing high-quality gelatine that meets the highest standards of purity, potency, and performance. Our gelatine is derived from carefully selected animal skin and bones, sourced from trusted suppliers who adhere to strict animal welfare, halal compliance and environmental standards.",,,,Fi Europe 2026; Book a meeting; See our Exhibitor Profile; See full Exhibitor List,"OPPOSITE 15 E, JAN MUHMMAD ROAD, NAWAB TOWN, 53700, Lahore, Pakistan",,,https://exhibitors.figlobal.com/fie26/,https://www.ingredientsnetwork.com/pure-gelatine-pvt-ltd-comp477070.html,477070
KENDY LTD,"Kendy Pharma is a leading company with long tradition in the development, production and marketing of food supplements. Established in 1992, the company has state-of–the-art technical equipment for production. Kendy Pharma invests in the entire cycle of product creation—from comprehensive scientific research, through practical development, to implementation- under constant and strict quality control. The optimal effectiveness of the company’s products is achieved through careful selection and balancing of quality active ingredients. Kendy Pharma works with globally renowned suppliers such as: DSM- leading Swiss manufacturer of vitamin premixes, Naturex- expert in natural extracts, Beneo- producer of natural fibers. Kendy Pharma has been granted renowned international certificates of quality: U.S. FDA (United States Food and Drug Administration) ISO 9001:2015 GMP (Good Manufacturing Practice) Audited and approved by UNICEF and GAIN (Global Alliance for Improved Nutrition- Bill & Melinda Gates Foundation)- for manufacturing of food supplements (vitamin and mineral premix) for malnourished children Since 2013, the company has held authorisation for production of human medicinal products (No. P-I-38-004) Kendy Pharma carries a wide portfolio of own brands, leaders in local and international markets, such as SupraVit - vitamins and minerals, Lactoflor Probiotics, Stabiflex and Osteoactive - bone health and joint support products. The company offers variety of products in solid dosage forms - tablets, effervescent tablets, capsules and sachets.",,,"Other Dietary Fibres, Other Microorganisms & Probiotics, Other Minerals",Vitafoods Europe 2027; Book a meeting; See our Exhibitor Profile; See full Exhibitor List,"101 Sofia Str., 1320, Bankya, Bulgaria",,,https://exhibitors.vitafoods.eu.com/vfe27/,https://www.ingredientsnetwork.com/kendy-ltd-comp307493.html,307493
"Shaanxi Jiuyuan Biotechnology Co., Ltd.","Shaanxi Jiuyuan Biotechnology Co., Ltd. is a modern high-tech enterprise integrating the research and development, production and sales of plant extract , fruit and vegetable powder, as well as the important production suppliers of plant extract industry in China.The factory covers an area of about 70,000 square meters, with 4 production workshops and 6 production lines, and the annual capacity can reach more than 6000 tons.",Africa; Asia; Australia; Central/South America; Eastern Europe; Middle East; North America; Western Europe,Manufacturer: Ingredients / Additives,"Other Fruit, Pumpkin seed extract, Dietary supplements",Vitafoods Europe 2027; Book a meeting; See our Exhibitor Profile; See full Exhibitor List,"Room 2608, South Building C, 710065, Shaanxi, China",ruby@jiuybiotech.com,86-29-83294060,https://exhibitors.vitafoods.eu.com/vfe27/,https://www.ingredientsnetwork.com/shaanxi-jiuyuan-biotechnology-co-ltd-comp312915.html,312915
SE Tylose GmbH & Co KG (Shin-Etsu),"SE Tylose is based in Wiesbaden, Germany, producing approximately 65.000 tons of cellulose ether annually and is one of the world's most important cellulose ether suppliers. The renewable primary raw material cellulose from wood and cotton linters is converted into various water soluble types of cellulose ether in ultra-modern plants. Under the registered trademarks Tylose® and Tylopur® products are used in virtually all parts of daily life. The most common fields of application of Tylose are the construction and the paint industry as well as polymerisation, ceramics and cosmetics. The most common fields of application of Tylopur are pharma as well as food.",Africa; Central/South America; Eastern Europe; Middle East; North America; Western Europe,Manufacturer: Ingredients / Additives,"Dietary supplements, Other Specialised Finished Products",Fi Europe 2026; Book a meeting; See our Exhibitor Profile; See full Exhibitor List,"SE Tylose GmbH & Co.KG Kasteler Straße 45, 65203, Wiesbaden, Germany",contact@setylose.com,0049-611-962-6269,https://exhibitors.figlobal.com/fie26/,https://www.ingredientsnetwork.com/se-tylose-gmbh-co-kg-shin-etsu-comp308616.html,308616
"Spinaca Farms, Inc.","Spinaca Farms grows, packs, and procures both conventional and certified organic produce for the fresh market. We’ve also launched our Root-to-Shoot program, which leverages our modern food production system by turning beneficial but overlooked parts of our produce into nutrient-rich juices, purees, and powders. These are used in the global functional foods market to boost fresh and frozen foods, baby food, cosmetics and body care, pet food, and more. Spinaca Farms is built on a network of growers, suppliers, packers, shippers, and beyond. The core of this network is the Spinaca team, a steadfast and deep-rooted staff dedicated to fulfilling the produce needs of our clients. pinaca Farms was founded by farming veterans Rick and Jeannette Andrade, with a few industry partners, in 2001 on forty acres of virgin farmland in Paso Robles, CA. In 2004, the Andrades brought on their son Zack, fresh with a BS in Agribusiness from Cal Poly San Luis Obispo, to expand their operation. As we gained a reputation for providing professional service and quality produce, Spinaca Farms became a supplier for national brands. We’ve provided ingredients for Earthbound Farm, Kroger, Safeway, Taylor Farms, Vitacress, Tesco Lotus, Fresh Express / Chiquita, Suja Juice, Langers, Evolution Fresh / Bolthouse Farms, Red Ace Organics, Amy’s Kitchen, Grimmway Farms, Plum Organics, Your Super, Olam, Conagra, Cosmax, Happy Family, and Nestlé.",,,"Spinaches, Beverages / Juices, Functional food",Vitafoods Europe 2027; Book a meeting; See our Exhibitor Profile; See full Exhibitor List,"275 Tennant Avenue #106, 95037, Morgan Hill, United States",,,https://exhibitors.vitafoods.eu.com/vfe27/,https://www.ingredientsnetwork.com/spinaca-farms-inc-comp307597.html,307597
"BIOFACTORIA NATURAE ET SALUS, S.A.","Biofactoria Naturae was born in 2013 with a very clear mission: “To improve people’s health thanks to the elaboration of 100% natural products, of quality and within everyone’s reach”. The Aloe Vera we use comes from our own organic plantations in Andalusia, and we buy our seasonal fruits and vegetables from local suppliers. Sustainability above all! And, if something is perfect, why should we change it? That is why we can reduce the handling of our raw material to a minimum, limiting ourselves to treating it with the most advanced technology. By using Natural Cold Process or HPP systems, we are able to produce fresher and healthier foods, as avoiding pasteurization we do not take away nutrients or natural properties, neither we have to add chemical preservatives. Controlling the processes of production, elaboration and delivery of the products in store is fundamental to bring to your home that extra touch of security, quality and flavor so characteristic of our brand.",,,"Aloe vera, Other Vegetables, Fruits & Vegetables",,"Av. del euro 24 - Parc. 8, 47009, Valladolid, Spain",,,https://exhibitors.vitafoods.eu.com/vfe26/,https://www.ingredientsnetwork.com/biofactoria-naturae-et-salus-s-a-comp326134.html,326134
"Yuxing Biotechnology(Group)Co.,Ltd.","Anhui Yuxin Biotechnology Co., Ltd. located near the beautiful swan lake of Hefei, is a new type of sales service company mainly engaging in research, development and selling of feed additives, food additives, plant extracts and dietary supplements, medical intermediate, cosmetics, and other fine chemicals. The products of the company comply with the provisions of HALAL, GMP, FMIQS, KOSHER BP/USP/EP/JP/FDA. In order to ensure our product quality, we also carry out regular factory inspection. We unswervingly endeavor to provide ideal price, quality products and satisfactory services to customers and constantly create value for our customers, so as to become quality suppliers of our customers. We expect your participation and seek win=win via our cooperation. Business philosophy: First-class professional spirit. Focus on customer's demands and provide professional services to our customers. Well-trained and experience foreign trade teams. Development history Corporate culture Mission of the company: provide professional and competitive solutions to our customers and make contribution to the development of China's biochemical industry Vision of the company: dedicated to becoming a biochemical distributing enterprises enjoying international fame. Values of the company: Customer First, Employee Frist; Trust worthy, dedicated, focused and seeking win-win",,,"Other Additives, Dietary supplements, Nutricosmetics",,"Xicheng District, Ningjin County Hebei, 055550, Xintai, China",,86-15833703548,https://exhibitors.vitafoods.eu.com/vfe26/,https://www.ingredientsnetwork.com/yuxing-biotechnologygroupco-ltd-comp309655.html,309655
Contract Pharma Solutions,"Contract Pharma Solutions is ISO (22000:2018, 13485:2016) and GMP certified contract manufacturing and packaging company of food supplements, neutraceuticals, cosmetics and medical devices - Our range of services comprises of: - assistance in designing a product, - registering with the relevant authorities, - search of suppliers of raw materials, - device manufacturing, - and packaging. Contract Pharma Solutions was established in 2014 and conveniently located in Lithuania, European Union. Ever since the creation, we dedicate great attention to company’s management and quality systems. It means applying risk-based approach to every aspect of any process. Hereby, we are constantly focused on achieving higher standards of Quality Management Systems such as ISO, GMP or clean room production. Our main forms of products are: - liquids, gels - pills, tablets - capsules - powders Our main goals are: - providing products and services that meet customer preferences and expectations, - continuous increase in production efficiency and volume, - a quick response to customer needs or requests, - maintenance and development of quality assurance system.",,,"Dietary supplements, Nutricosmetics",,"Bijunu g. 30, LT-53267, Garliava, Lithuania",,,https://exhibitors.vitafoods.eu.com/vfe26/,https://www.ingredientsnetwork.com/contract-pharma-solutions-comp324227.html,324227
TAB ILAC SAN. A.S.,"Our company, based in Istanbul, was founded in 2011 by Aytekin Pahsa, who has years of prior experience in the Nutraceuticals sector. TAB Nutraceuticals, which is growing rapidly in Turkey, opened its new GMP compliant facility in 2020, with the aim of contributing to the national economy and increasing its product range. With its new production facility, it provides a safe work environment for more than 150 employees. ‎ ‎TAB is a nutraceuticals company empowered by thousands of satisfied consumers and the high-quality food supplements it produces, with a mission of producing innovative, high yield products. ‎ Our Mission; Creating superior products and bringing them to our consumers by using unrivalled patented raw materials with high bio-efficiency, sourced from leading suppliers with well regarded certificates. ‎ TAB Nutraceuticals is marching towards its vision with fast and firm steps, having more than 50 different products in many different areas of treatment in its portfolio and thousands of satisfied consumers on the market. We work with passion and commitment to improve the quality and value of life. We think that our values express our beliefs and the best of us as people while guiding us in everything we do Is bringing value to every life we touch by developing trustworthy, effective and accessible products while using patented and high-quality materials We are working to become a leading company in domestic and international markets by presenting quality products produced in a first class facility with our honesty, sensitivity and focus on constant improvement, thanks to the love and loyalty of our consumers",,,"Dietary supplements, Nutricosmetics",Vitafoods Europe 2027; Book a meeting; See our Exhibitor Profile; See full Exhibitor List,"Akcaburgaz Mahallesi Ackaburgaz Caddesi 42, 34522, ISTANBUL, Türkiye",,,https://exhibitors.vitafoods.eu.com/vfe27/,https://www.ingredientsnetwork.com/tab-ilac-san-a-s-comp307608.html,307608
FINACARE S.A.S. (Naturacare Group),"With several decades of experience, the Naturacare group is dedicated, thanks to the experience of these 3 entities, to the design, production and packaging of food supplements promoting the improvement of human and animal health. The choice of ingredients selected thanks to their scientifically proven effectiveness, the millennial tradition of certain peoples, the quality of controls at the entry and exit of the products allow us to ensure optimal quality to offer innovative finished products. More than 1,500 materials selected from plants, vitamins, minerals, trace elements, probiotic strains, enzymes and other substances allow us to consider very broad, state-of-the-art formula solutions for our customers. We offer solutions to support our customers for the marketing of natural health products promoting a preventive approach to support the health capital of different categories of the human population. The scientific collaboration developed since always with the scientific actors emanating from the university circles, the health nutrition, the medical world, in connection with our partners lab customers and upstream suppliers have made it possible to constitute an internal knowledge base at the service of marketers. By extension of our expertise, we offer original and proven solutions to support the development of nutritional supplements for pets. Mainly dogs, cats, horses. Our desire is to support the players already present on the animal nutrition market with varied formulations and galenics, experienced and tested on these animals. Backed by experience in palatability, the specificity of different breeds in conjunction with veterinarians and animal owners, the group provides a new original solution to develop this market segment. Faced with the new expectations of consumers committed to respecting and protecting the environment, the search for naturalness, the group has developed new cosmetic solutions (toothpaste, shampoos, etc.) in clean-label without preservatives in the form of which is part of the slow-cosmetic trend.",,,"Other Enzymes, Other Microorganisms & Probiotics, Other Minerals",,"Zone Industrialle les landes Roussais, Montaigu, France",,,https://exhibitors.vitafoodsasia.com/2025vfa/,https://www.ingredientsnetwork.com/finacare-s-a-s-naturacare-group-comp307529.html,307529
BE-SUP,"Be-sup is the officially recognized professional federation of and for the Belgian food supplement industry. Be-sup wants to defend the credibility and image of food supplements and support confidence in safe, high-quality products. Our more than 160 members represent the entire food supplement chain: from innovation, creation, production, distribution and quality control. Our members are: Suppliers of ingredients and raw materials Manufacturers of nutritional supplements Wage manufacturers Wholesalers Retailers Analysis laboratories Consultants The vertical integration across the entire chain is a strength. The sector is a typical SME sector with international players, some of whom also produce or trade medicines or medical devices",,,Dietary supplements,,"Oude Vijversstraat 40, 1190, VORST, Belgium",,,https://exhibitors.vitafoods.eu.com/vfe25/,https://www.ingredientsnetwork.com/be-sup-comp326544.html,326544
IMCD India Private Limited,"With over two decades of experience as a distributor of specialty food ingredients and flavours for the world`s leading manufacturers and formulators, IMCD helps brands to anticipate and respond to consumer trends in the food and beverage market. Our Food & Nutrition team of specialists are organized to provide solutions for market segments ranging from Bakery, Confectionary, Savoury, Dairy, Beverage and Nutrition. IMCD’s application experts develop category-specific concepts and prototypes, sharing best practices and product expertise with suppliers and customers. Our international network helps us deliver fully traceable ingredients, ensuring the swift launch of differentiated products. Together with our partners, we create a world of opportunity. For further information, please visit www.imcdgroup.com",Africa; Asia; Australia; Central/South America; Eastern Europe; Middle East; North America; Western Europe,Distributor,"Alginic acid - alginates, Amino acids, Antioxidants",Vitafoods India 2027; Book a meeting; See our Exhibitor Profile; See full Exhibitor List,"1402- Crescenzo Bldg, C 38/39, G Block, bandra Kurla Complex, Bandra East, MUMBAI, India",niveda.bhadgaonkar@imcd.in,022- 61460903,https://exhibitors.vitafoodsindia.com/2027vfi/,https://www.ingredientsnetwork.com/imcd-india-private-limited-comp269072.html,269072
"Pure Chemicals Co.,Ltd.","We, Pure chemicals Company Limited was established in 1973. We are one of the leading companies in Thailand who imported food and supplement ingredients, color, flavor, fragrance, etc. from many countries such as Korean, India, China, Europe, etc. We drive many products successfully to manufacturers in Thailand, especially in the food industry. From over 50 years of experience, our suppliers and customers are highly satisfied with our performance. For this reason, our reputation is strong among them. In 21 century, our goal is to expand our market into new segments. At the same time, we will offer more products and other services to bring the most satisfaction to our customers. Our goal is to be a world-class company in the food and supplement ingredients industry.",Africa; Asia; Australia; Central/South America; Eastern Europe; Middle East; North America; Western Europe,Distributor,"Acerola, Acesulfame-K, Annatto, bixin",,"5 Soi Huamark 7,Huamark,, Bangkapi, Thailand",joe@purechemicals.com,+662 378 4229,https://exhibitors.vitafoodsasia.com/2026vfa/,https://www.ingredientsnetwork.com/pure-chemicals-co-ltd-comp266945.html,266945
Aromatic & Allied Chemicals Pvt Ltd,"Aromatic & Allied is a family owned business since 1977. AAC are pioneers in Farming - both conventional and organic and manufacturing of Essential Oils, Mint Oils, Menthol, Herbs, Herbal Extracts, Oleoresins, Carrier Oils and Spice Oils. The company have all quality certificates starting from ISO to HACCP, GMP, Kosher, Halal, Organic, RSPO and GMO Free that makes us one of the relaible suppliers of these natural products worldwide. All the practices are under ""Sustainable"" practices to make all products available to our clients worldwide always. We are also working hand on hand under CSIR - Aroma Mission since many years and working with more than 50000 farmers in different part of India. We have our own S.S. Seam distillation units installed in fields that gives the purest, heavy metal free , natural essential oils which are then purified, double filtered to remove moisture and any foreign impurities in our factory. We maintain very close relations with our farmers all over india and our company support them and their families, when and wherever required, via our foundation / NGO, Aromatic And Allied Helping Hands Foundation.",Asia; Australia; Central/South America; Eastern Europe; Middle East; North America; Western Europe,Manufacturer: Ingredients / Additives,"Botanicals, Flavourings, Other Botanicals",Fi India 2026; Book a meeting; See our Exhibitor Profile; See full Exhibitor List,"B-8, Industrial Estate, C B Ganj,, Bareilly, India",sales@aromaticandallied.com,,https://exhibitors.figlobal.com/fii26/,https://www.ingredientsnetwork.com/aromatic-allied-chemicals-pvt-ltd-comp323592.html,323592
"CellMark Korea Co., Ltd","CellMark is a privately-owned, independent marketing and supply chain services company providing products, services and solutions to customers and suppliers all over the world. We facilitate trade and business development across multiple industries using our many local offices and professional expertise.Through a network of 70-plus offices in 30-plus countries, we provide a full suite of services: sourcing, sales and marketing, exclusive representation, finance, logistics, regulatory compliance, business development and custom chemicals manufacturing. We also partner with clients to identify new business opportunities that add value to their processes and products, or sometimes serve purely as an external sales or sourcing division for our client.Our annual sales are approximately USD 3.6 billion, with volume of more than 7 million tons annually. Our footprint is in more than 125 markets.Serving a multitude of industries, our daily challenges come in all shapes and sizes. That means we must truly be where our customers and suppliers are, as well as being one step ahead. And our people need to be as diverse as our wide variety of business partners.One key factor for how we do business is our company culture. Centered around informed creativity, our culture is designed to empower each individual to be their own entrepreneur. We do this by shortening decision-making processes, reducing lead times, and making our clients quicker on their feet. But being swift only helps us today. In order to succeed tomorrow, we need a much larger perspective. That is why our main investments go toward continuity, longevity, and long-term business relationships based on integrity and respect.",Asia; Australia; Eastern Europe; North America; Western Europe,Distributor,"Algae, Botanicals, Carotenoids, Flavonoids, Botanicals, Ingredient Mixtures, Synbiotics",Vitafoods Asia 2026; Book a meeting; See our Exhibitor Profile; See full Exhibitor List,"7F, Tower8, Jongro 5 gil, 7, Jongro-gu, Seoul, Korea, Republic of",hyoungjun.ahn@cellmark.com,,https://exhibitors.vitafoodsasia.com/2026vfa/,https://www.ingredientsnetwork.com/cellmark-korea-co-ltd-comp326337.html,326337
Brenntag Ingredients (India) Private Limited,"As a global market leader in food ingredient distribution with a strong infrastructure in 73 countries, we are engrained in the local culture & business. Our shared experience, market knowledge and technical application expertise enable our business partners to make the most out of trends and development. We at Brenntag Food & Nutrition - India being an experienced partner with technical & operational excellence spread across the country, are committed to adding value and accelerating growth for food for food producers and Ingredient manufacturers. We are Committed to building bridges between food producers and ingredient manufacturers. Listening to customers, understanding their specific requirements & providing solutions is our passion. We are partners who put your needs in the center of everything we do. We have a broad & deep product offering, and work with best suppliers in the Industry. We reduce your compliance burden with a dedicated quality and regulatory team and seek to lead the way in safety and responsibility, managing many complexities of the food Industry. Head Office: Brenntag Ingredients (India) Private Ltd. 301, 3rd Floor, Ackruti Centre Point MIDC Central Road, Andheri (East) Mumbai 400 093, India Phone: +91 22 4248 2100 Fax: +91 22 4248 2164 [email protected] Product List ACIDULANTS, ANTIFOAMS, EMULSIFIERS, ENZYMES, FLAVOR ENHANCERS, FAT POWDERS, HYDROCOLLOIDS, NATURAL COLORS, NUTRITIONAL INGREDIENTS (FIBERS, IMO, OMEGA 3), NATURAL EXTRACTS, PRESERVATIVES & ANTIOXIDANTS, MILK PROTEINS, PLANT PROTEINS, STARCHES (NATIVE & MODIFIED), SWEETENERS, VITAMINS & MINERALS",Africa; Asia; Australia; Central/South America; Eastern Europe; Middle East; North America; Western Europe,Distributor; Manufacturer: Ingredients / Additives,"Fat replacer, Lecithins, Other Additives",Fi India 2026; Book a meeting; See our Exhibitor Profile; See full Exhibitor List,"Ackruti Centre Point, #301, 3rd Floor, M.I.D.C., Andheri East,, Mumbai, India",ramkumar.ps@brenntag-asia.com,022- 42482100,https://exhibitors.figlobal.com/fii26/,https://www.ingredientsnetwork.com/brenntag-ingredients-india-private-limited-comp271875.html,271875
Nikeon Corporation,"Established in 1985, Nikeon Corporation is one of the leading Importer, Exporter & Supplier of Amino Acids, Sweeteners, Excipients, APIs, Solvents and other chemicals in India. Being in this business for last 35 years, we take extreme care with regards to the quality of material supplied and stress on being punctual when it comes to delivery of material. We source and supply extensive range of products backed by exceptional service. We are suppliers to various MNCs and have major Pharmaceutical and FMCG companies amongst our esteemed consumer list. We are your one stop shop for Pharmaceuticals, Nutraceuticals and Speciality Chemicals. We are authorized distributors of Wacker Chemie AG, Germany (Colloidal Silicon Dioxide) & CJ Bio, South Korea (Vegan Food Grade Amino Acids) in India.",,Distributor,"Acesulfame-K, Amino acids, Aspartame",Fi India 2026; Book a meeting; See our Exhibitor Profile; See full Exhibitor List,"D-506, Neelkanth Business PArk, Behind Bus Depot, Vidhyavihar West, Mumbai, India",nikeoncorp@gmail.com,022- 66108084,https://exhibitors.figlobal.com/fii26/,https://www.ingredientsnetwork.com/nikeon-corporation-comp282332.html,282332
Nutrano Foods LLP,"Nutrano Foods LLP- located in Mumbai, has been associated in the field of Importing and exporting various food ingredients since 2014. Our organization primarily specialize in client directed business whereby we tend to cater quality service and consistency of food ingredients in numerous food industry like bakery, confectionery, dairy, Brewery, snacks, Seasoning, Food processing industry, Frozen Industry, Plant based, etc. We principally deal in importing food ingredients/additives from various countries and sale within the local market and conjointly with intermediate trade in international markets. We ensure that our suppliers are reliable to our organization on quality & certified products. Our organization intent to spread business in various network by growing the product range and providing services to client requirements. Our main aim is to give priority to our customers as they are our support and backbone of our organization.",Asia; Eastern Europe; Middle East; North America; Western Europe,Import / Export Services,"Emulsifiers, Stabilisers, Thickeners, Lecithins, Meat replacer",Fi India 2026; Book a meeting; See our Exhibitor Profile; See full Exhibitor List,"615-Neelkanth Corporate Park, Kirol Road, Vidhyavihar West,, Mumbai, India",info@nutrano.in,,https://exhibitors.figlobal.com/fii26/,https://www.ingredientsnetwork.com/nutrano-foods-llp-comp305037.html,305037
Horti Green Foods Pvt Ltd,"Horti Green Foods Pvt. Ltd., specialising in premium fruit juice concentrates like Lemon Juice Concentrates and Orange Juice Concentrates. With over two decades in the food industry, we combine traditional expertise and modern technology, utilising state-of-the-art Italian machinery for aseptic packaging. We ensure that every product meets the highest quality standards, reflecting our commitment to excellence to be a global leader in fruit concentrates, committed to quality, innovation, and sustainability, while exceeding customer expectations through customisation and enhancing community well-being through excellence. Produce high-quality fruit concentrates using advanced technology and sustainable practices with zero waste to uphold reputation as a trusted National and Global partner, focusing on innovation, customisation, customer satisfaction, and food safety.Our team of experts are passionate about creating products that not only satisfy our customers requirements, but also contribute positively to the environment. By integrating sustainable sourcing and production methods, we ensure that each batch of fruit concentrate is crafted with care and responsibility. Our commitment extends beyond the product itself, as we actively engage with local communities to promote growth and sustainability initiatives. Through partnerships with farmers and suppliers, we emphasize fair practices and support the livelihoods of those who help bring our products to life. In addition to our environmental efforts, we prioritize investing in cutting-edge research and development, through which we are able to anticipate and adapt to the ever-changing demands of the market, offering innovative solutions that delight and inspire. As we look to the future, our focus remains on fostering a culture of continuous improvement and collaboration, ensuring that we remain at the forefront of the industry. We invite our customers to join us on this journey, as we strive to make a positive impact on the world, one delicious product at a time.",,Manufacturer: Ingredients / Additives,"Other Fruit, Pineapples, Concentrated",Fi India 2026; Book a meeting; See our Exhibitor Profile; See full Exhibitor List,"16B-17-18, Pushpa Leela Nagar, Eluru,, West Godavai, India",info@hortigreenfoods.com,,https://exhibitors.figlobal.com/fii26/,https://www.ingredientsnetwork.com/horti-green-foods-pvt-ltd-comp475326.html,475326
"Sree International Indonesia, PT","Established in 2004, Tradeasia is a rapidly growing supply chain company which provides industrial raw materials. Headquartered in Singapore, Tradeasia also operates in 9 Asian countries as our trading hubs. We have a vast portfolio and distribute to a wide range of industries. We strive to build lasting bonds through trust, integrity, commitment, partnership, entrepreneurship and sustainability. Tradeasia has supplied to various food & beverages processing industries. We provide multiple product categories. We strive to provide customers with high quality products from notable suppliers while ensuring seamless and secure trade services.",Africa; Asia; Australia; Central/South America; Eastern Europe; Middle East; North America; Western Europe,Import / Export Services,"Emulsifiers, Stabilisers, Thickeners, Lecithins, Other Acidulants",Fi Asia Indonesia 2026; Book a meeting; See our Exhibitor Profile; See full Exhibitor List,"Gedung Sopo Del Office Tower & Lifestyle B Lt.9 Jl. Mega Kuningan Barat III, Lot 10 1-6 Kuningan Timur, Setia Budi, Kota Adm. Jakarta Selatan,, Jakarta, Indonesia",Food@chemtradeasia.com,62 21 50806560,https://exhibitors.figlobal.com/2026fij/,https://www.ingredientsnetwork.com/sree-international-indonesia-pt-comp306100.html,306100
Ingredients Network & Finished Products Network,"Ingredients Network & Finished Products Network are the world’s premier directory platforms connecting buyers and suppliers across the food and nutraceutical industries. We empower businesses to find exactly what they need through our comprehensive product listing and supplier network, backed by the world’s leading industry events. Our weekly newsletter delivers the latest food and nutrition industry news straight to subscribers’ inboxes, ensuring they can stay one step ahead while TALKS and REPORTS provide in-depth and insightful interactive content year-round. Ingredients Network & Finished Product Network deliver what matters most: connecting you with the right products and partners to drive your business forward in the dynamic food and nutraceutical landscape.",Africa; Asia; Australia; Central/South America; Eastern Europe; North America; Western Europe,Government /Pavilion Organiser /Trade Association,4-Hexylresorcinol,Fi Europe 2026; Book a meeting; See our Exhibitor Profile; See full Exhibitor List,"WTC, Tower 10 – 7th Floor, Strawinskylaan 763, 1077 XX, Amsterdam, Netherlands",,+31(0)20 245 5355,https://www.ingredientsnetwork.com,https://www.ingredientsnetwork.com/ingredients-network-finished-products-network-comp256637.html,256637
Terheggen & Dethlefsen Food Engineering GmbH,"Terheggen & Dethlefsen , located in Hamburg, Germany develops customised exclusive food products. Since its foundation in 1929 we are known for producing easy to handle dry mixtures including spices, herbs and functional ingredients. Our customers just need to add the wet ingredients in order to receive the final product of a predetermined recipe. Our Company is certified in accordance with the International Featured (Food) Standard (IFS), Organic Standard and Halal. We are looking forward to welcoming you at our booth, in order to find out more about Terheggen & Dethlefsen.",Eastern Europe; Western Europe,"Contract Manufacturer; Food Safety, Quality and Service; Manufacturer: Finished Food Products","Lecithins, Other Colours, Other Flavourings",Fi Europe 2026; Book a meeting; See our Exhibitor Profile; See full Exhibitor List,"Ottenser Str. 130, D-22525, Hamburg, Germany",info@terheggen-dethlefsen.de,+49 40 54 77 93 0,https://www.terheggen-dethlefsen.de,https://www.ingredientsnetwork.com/terheggen-dethlefsen-food-engineering-gmbh-comp267864.html,267864
Brenntag Animal Nutrition,"Brenntag is the global market leader in chemicals and ingredients distribution. We hold a central role in connecting customers and suppliers of the chemical industry. Our expertise in both Animal and Human Nutrition has allowed us to develop highly specialized knowledge to benefit our Pet Food customers. We offer tailor-made solutions in terms of nutrition, food safety, palatability, technological aids, sustainability and more. Our peerless experience in Animal & Human Nutrition and the Food industry adds outstanding value to our Pet Foods capabilities. We offer solutions to pet food manufacturers that encompass production technology, humanization, sustainability, nutrition, palatability and food safety. Whether you’re looking for natural, vegetarian, conventional, organic or budget-friendly options, our up-to-date market expertise allows us to offer you the support you need.",,Manufacturer: Ingredients / Additives,Pet Food,,"Messeallee 11, 45131, Essen, Germany",,+351 914328108,https://www.brenntag.com/,https://www.ingredientsnetwork.com/brenntag-animal-nutrition-comp323136.html,323136
AROMATUM,"Created in 2012, Aromatum is a French company specialized in the sourcing and import-export of spices and essential oils. Its quality of expertise and its sense of know-how have enabled it to establish contacts with customers and suppliers on all continents and to reach an annual turnover of 5 million euros. Specialized in the trading of spices and essential oils from and to all regions of the world (specialties: Clove, Pepper, Pink Berries, Cinnamon), Aromatum's main mission is to meet the needs of our customers by respecting their individual specifications (organic or conventional agriculture, strict quality control according to our customers' specifications, strict compliance with deadlines, flexibility and adaptability to each specific request). Meeting producers and customers on a regular basis and participating in international trade fairs and forums allows us to develop sourcing and trading of fresh produce on a regular basis and to have a thorough knowledge of the markets. Priority to quality In this quest for quality, Aromatum works in close collabora ...",,,Black Pepper,,"20 RUE DE LA PAROISSE, 78000, france, France",,,,https://www.ingredientsnetwork.com/aromatum-comp475587.html,475587
F&F Group,"F&F WE.KNOW.DAIRY.BV is specialized in the global trade of high-quality dairy ingredients. Leveraging our extensive network within the European dairy industry, we deliver more than products: we provide expertise, reliability and tailored solutions. As your One-Stop Dairy Shop, we offer a broad range of dairy ingredients, flexible order quantities, short lead times and market-oriented solutions. With our in-depth knowledge of the dairy market, we help customers navigate market trends, identify the right purchasing opportunities and explore alternative ingredients — contributing to a robust, flexible and efficient supply chain. But what truly defines F&F is how we do business: our company is built on four core values: Know-How, Honest, Out-of-the-Box and Likeable. These values guide the way we work, the decisions we make and, above all, the relationships we build with our customers, suppliers and partners. Know-How is at the heart of F&F. Our in-depth understanding of dairy ingredients, markets and applications, combined with an exten...",Asia; Central/South America; Eastern Europe; Western Europe,Raw Material Supplier,Fat replacer,,"Woudenbergseweg19C2, 3707 HW, Zeist, Netherlands",,0031-343-513696,https://www.ffweknowdairy.com,https://www.ingredientsnetwork.com/f-f-group-comp323851.html,323851
ALCHIMICA s.r.o.,"We have been distributing fine stoos as well as pharmaceutical, food, nutraceuticals, cosmetics and animal feed ingredients since 1996. The stoos important to us: this is why we offer more than 60,000 substances for scientific, research and development purposes. The high quality of our stoos and stoos is appreciated by our numerous clients in the Czech Republic, in other EU countries as well as in the USA. No client stoo small for us. We are a traditional, experienced company, friendly to our clients and suppliers. Deeply respectful of laws, nature, and health, we feel responsible for our activities, and look forward with optimism",Asia; Australia; Central/South America; Eastern Europe; Middle East; North America; Western Europe,Raw Material Supplier,"Lecithins, Nutrition ingredient mixture, Other Algae",,"Národní obrany 45, 160 00, Praha 6, Czech Republic",food@alchimica.cz,,https://exhibitors.vitafoods.eu.com/vfe26/,https://www.ingredientsnetwork.com/alchimica-s-r-o-comp307370.html,307370
Cien por cien natural SL,"After more than 20 years of research and development focused on delivering products of the highest quality, our brand has established itself as a quality leader in the nutraceutical sector in Spain. We adhere to the highest standards in ingredient selection and the application of advanced technologies, enabling us to develop effective, safe products with optimised bioavailability. To this end, we collaborate with several leading international ingredient brands such as Kaneka, Aker BioMarine and Indena, as well as with prestigious Spanish clinics, with the aim of offering solutions backed by scientific evidence, clinical experience and robust professional support. Among our featured ingredients, we will be presenting Provinal® at Vitafoods 2026, a patented concentrate of pure palmitoleic acid, commonly known as omega-7, which is currently being used in cutting-edge research in the field of metabolic health (Harvard Medical School). A full range of evidence based food supplements. At the VitaFoods show we will be focusing on the following: Ingredients: Provinal® (Purified Palmitoleic Acid- Omega-7) and Nordic Mushrooms from Kappa Biotech for functional Foods. Finished Products: NKO® Krill Oil Original Cold-extracted oil of Antarctic krill ( Euphausia superba), rich in long-chain omega-3 essential fatty acids EP) and DHA, linked to phospholipids, naturally contains a significant amount of choline and astaxanthin . OmegaConfort7® Product based on marine sourced omega-7 (Provinal®). OcuProtect® 2 formulas for ocular health and protection. Cognitril® An exclusive formula with premium ingredients for cognitive health and Memory . Quinol10® Forte con PL+ Kaneka ubiquinol (Kaneka Quality™) combined with PL+ technology, a phospholipid concentrate derived from Antarctic krill oil that enhances the absorption and bioavailability of ubiquinol. TRADEMARKS: Provinal ® , OmegaConfort7®, Micovital ® , Ocuprotect ® , Cognitril ® , MentalConfort ® , Permeavit ® , Condroartil ®, KappaBiotech Furthermore, our collaboration with the medical services of the Royal Spanish Football Federation (RFEF) is a recognition of the quality and efficacy of our product range. We invite you to visit us!",Eastern Europe; Western Europe,Distributor,"Fats & Oils - Animal, Mushrooms, Other Specialised Finished Products",,"Calle de Gabriela Mistral, 28035, Madrid, Spain",export@cienporciennatural.com,,https://en.cienporciennatural.com/,https://www.ingredientsnetwork.com/cien-por-cien-natural-sl-comp326243.html,326243
EMIGA,"SINCE 1926… EMIGA has specialised in natural gums, resins and botanicals, sourced from premiere suppliers all over the world. Backed by more than 90 years of experience and expertise in natural gums and resins. EMIGA offers a wide range of natural raw materials with a distinct guarantee of quality. Our privileged partnerships and Arabic gum plantations in NIGER enables us to source the best gums and resins. Our company policy is to promote the very best of nature by ensuring the quality and traceability of our products from their origin. EMIGA’s development projects and vast supply network around the world allow the company to respond to the growing demands of its customers.",,,Other Botanicals,,"LOT 152 Z.I Avon, 13120, Gardanne, France",,,,https://www.ingredientsnetwork.com/emiga-comp306742.html,306742
Greenfields Ireland Limited,"Greenfields Ireland Limited specialises in sourcing and selling high quality dairy ingredients to national and international customers. The company was founded in 1982 as a joint venture company between the Northern Irish Milk Marketing Board and the Northern Irish Dairy Co-Operatives. Indeed the UK remains an important market, and we are one of the main suppliers of butter to the UK food industry. Over the years we have nurtured strong relationships with suppliers throughout Europe, the USA, New Zealand and Latin America, and we now operate globally, distributing our milk powders and dairy products (in bulk, retail and food service formats) to customers in over 50 countries around the world.",,,Dairy,,"Greenfields House Quayside Office Park 14 Dargan Crescent, BT3 9JP, Belfast, United Kingdom",,,,https://www.ingredientsnetwork.com/greenfields-ireland-limited-comp475522.html,475522
KEMI- PINE ROSINS,"OUR MISSION Roadmap starts with our mission, which is persistent. It proclaims our purpose as a company and works as the standard against which we considered our engagements and decisions. Provide a state-of-the-art high performance rosin and terpene derivative resins and compounds as raw materials for different and numerous industries. OUR VALUES People: Motivate and inspire people to be the best they can be. Relationship: Securing customer loyalty cultivate a winning network of customers and suppliers, together we create shared, permanent value. Productivity: Be a highly effective, lean and fast organisation. Profit: Maximize long-term return to stakeholders in all processes of business operation, ensuring a financial commitment for the company. OUR CULTURE We define our path based on our past. Not learning anything means that the future will be the same as the present, with the same limitations. Our goal is to break the current technological trend and develop projects which will shape and strengthen the flow of our future. Overcoming everything that limits u ...",,,,,"Zona Industrial de Cantanhede - Lote 122,, 3060-197, CANTANHEDE, Portugal",,,,https://www.ingredientsnetwork.com/kemi-pine-rosins-comp328357.html,328357
Certified Food Products,"We connect Turkey’s top-quality food producers with European buyers. With deep expertise in both markets, our experienced team offers a diverse range of high-quality products sourced from trusted suppliers. We ensure excellence in production, packaging, supply chain, and technical functions, backed by a solution-oriented approach. Our commitment to quality meets the needs of the production, retail, and foodservice sectors across Europe.",Eastern Europe; Western Europe,Distributor,Dates,,"Adalet Mah. Manas Bul. Folkart Towers , No: 47 B Iç Kapi No:, 3509, Bayrakli / Izmir, Türkiye",,00905327311974,https://www.certified.com.tr,https://www.ingredientsnetwork.com/certified-food-products-comp324725.html,324725
IQI Trusted Petfood Ingredients,"Our company was created with the aspiration to supply premium ingredients to the pet food industry. We turned this into a key specialisation through the global sourcing of pure products, transparency of the supply chain and establishing long-term partnerships with our customers and suppliers. Today, IQI is a trusted strategic partner with a large number of exclusive partnerships in the global pet food industry.",Australia; Eastern Europe; North America; Western Europe,Distributor,Consulting,,"Smallepad 32, 3811 MG, Amersfoort, Netherlands",,+31 850 185 400,https://www.iqi-petfood.com/blogs/,https://www.ingredientsnetwork.com/iqi-trusted-petfood-ingredients-comp322416.html,322416
"QINGDAO AHEAD TECHNOLOGY CO.,LTD","Ahead was established in 2016. Ahead Integrates development, manufacturing in-house and sale. Since2016, our company has always focused on research, development and innovation. Now, we have involved in Super Food and have become one of the leading manufacturers and suppliers. Superfoods, such as Spirulina Powder, Chlorella Powder, Barley Grass Powder, Wheat Grass Powder, Matcha/Green tea powder. Protein Powder and all kinds of vegetable powder and herb extract powder. Advanced equipment and efficient production process are our strong strengths to high quality products. The production capacity is over 1000tons. Now, we have start friendly cooperation with companies from more than 20 countries.",,,Protein products,,"No.2 Lushan Road, Huangdao District, Qingdao, 2665000, Shandong, China",,,,https://www.ingredientsnetwork.com/qingdao-ahead-technology-co-ltd-comp323586.html,323586
Ramagums Pvt Ltd,"We are the largest manufacturers and suppliers of Guar Gum powder and Guar Gum Splits in Gujarat, India. We here at Rama Industries give great importance to Quality. Packaging of Guar Gum is done in such a way that it preserves the highly delicate product in good condition for a long time. The history of Rama Industries dates back to 1989 when the promoters of this Company established a guar splitting plant at Deesa, Gujarat State Of India. In the year 1997 the first line for production for Food Grade Guar Gum Powder was set up in a completely new premises under direct control of technocrats, well qualified and having experience of the trade to their credit, highly qualified parteners under whom the entire working of the Unit and the Manufacturing process is constantly watched, vigil and care being exercised so as to regularly maintain the quality of the products. Since then the production, quality control, warehousing and other facilities have been expanded and improved from time to time. Now we have expanded 5 sepatare plants —3 specially for Food grade and 2 for technic ...",,,Cassia gum,,"R.S.NO. 125, PLOT NO. 10 TO 15 & 31 TO 36 PATAN ROAD, 385535, Gujarat, India",,+91 98250 47093,,https://www.ingredientsnetwork.com/ramagums-pvt-ltd-comp304737.html,304737
Nutramont Europe GmbH,"Nutramont is a leading supplier of health & wellness ingredients for food, supplement, cosmetic and pharmaceutical industries in the global market. With a decade of experience in supply chain, we provide integrated ingredients solutions to add the value to your products, from concept to completion. NUTRAMONT is the symbol of our ambition and mission. NUTRA, health and wellness ingredients solutions for life science, is the primary focus of our business. MONT is to keep continuous growth together with our global partners and customers with our enthusiasms on full solution for health and wellness industries. NUTRAMONT applies everywhere, customers, employees, suppliers, community.",,,Dietary supplements,,"Senefelder Ring 34, 21465, Reinbek, Germany",,,,https://www.ingredientsnetwork.com/nutramont-europe-gmbh-comp326201.html,326201
1-2-Taste,"1-2-Taste – The online marketplace for food ingredients 1-2-Taste is the world’s first digital marketplace connecting food manufacturers with trusted ingredient suppliers. We make it simple for buyers to discover, compare, and source high-quality ingredients — from 60+ verified sellers. Suppliers benefit from direct access to verified B2B buyers and a powerful digital channel to grow their business. All in one place. Online Our platform helps food innovators accelerate product development through transparent information, convenient sampling, and reliable online (re-)ordering. With 24/7 visibility and easy access across regions, sourcing ingredients has never been simpler. Simple. Online. Quick.",Asia; Eastern Europe; Western Europe,Distributor,Quality assurance,,"Archipelstraat 285, 6524 LM, Nijmegen, Netherlands",,+31624247711,https://www.12taste.com/,https://www.ingredientsnetwork.com/1-2-taste-comp296460.html,296460
BioNatIn BV,"BioNatIn is the only Dutch producer of colostrum powder and related products. At BioNatIn we believe that bovine colostrum and dairy enzymes play an essential role in the food chain. A sustainable use for bovine colostrum and all valuable enzymes and proteins it possesses. Our young and flexible business is growing rapidly and expanding all over the world. Since family is the base of our company, we believe in long lasting relationships with our supplier and clients. Setting up new partnerships, developing new products and solving problems is in our nature. We believe that personal service, years of experience, high-tech production facilities and trusted suppliers are key in helping our clients all over the world. BioNatIn is committed to delivering world's highest quality colostrum products.",Africa; Asia; Australia; Eastern Europe; Middle East; Western Europe,Manufacturer: Ingredients / Additives,Contract manufacturing,,"Ekkersrijt 7408, 5692 HK, Son en Breugel, Netherlands",,,https://www.bionatin.nl,https://www.ingredientsnetwork.com/bionatin-bv-comp309404.html,309404
"Qingdao Lulin Processed Vegetable Co.,Ltd.","Qingdao Lulin Processed Vegetable Co., Ltd. is a professional manufactory specializing in dehydrated vegetables such as dehydrated garlic and dehydrated white onion. The company was founded in 1991 and was designed for an annual production capacity of 12,000 tons. It is located in Dongzhuangtou, Laixi, Qingdao, one of China’s six largest wholesale vegetable markets, which has over 800,000 mu (about 131,796 acres) of vegetable plantation covering an area of 60 square kilometers, 80 kilometers from Qingdao Port and 40 kilometers from the airport. The company has been registered with CIQ(China entry-Exit Inspection and Quarantine)and is the only dehydration factory in Qingdao which was recommended by CIQ in 2008 to American FDA.On the past few years, the company has been certified with ISO9001, FSSC 22000, BRC, KOSHER, HALAL, and has also successfully passed the examination by US FDA. The company enjoys its fame both at home and abroad, exporting mainly to Americans, Europe, South-East Asia etc. It has now become one of the major suppliers to world Top 500 industri ...",,,Other Vegetables,,"Dongzhuangtou Food Industrial Zone Dianbu Town, Laixi Qingdao,, China",,+86 532 8873 2183,https://exhibitors.figlobal.com/2025fiat/,https://www.ingredientsnetwork.com/qingdao-lulin-processed-vegetable-co-ltd-comp280866.html,280866
Tetra Pak,"We are a world leading food processing and packaging solutions company. Working with our customers and suppliers, we provide access to safe, nutritious food for hundreds of millions of people in more than 160 countries every day. Pioneering food and beverage solutions More than 70 years ago, we began a journey to help make food safe and available, everywhere. Today, we continue to innovate to protect food, people, and the planet. We do this by developing food processing and packaging solutions tailored to meet the needs of global customers. Using the latest science and technologies, our dedicated team of innovators, collaborators and experts work together relentlessly to find answers to some of the biggest challenges facing the global food and beverage industry today.",Western Europe,"Equipment, Packaging & Processing Supplier",Packaging,,"62 rue Saint Lazare, 75009, Pairs, France",,,https://www.tetrapak.com/fr-fr,https://www.ingredientsnetwork.com/tetra-pak-comp396011.html,396011
The Netherlands - Hub for Scaling Food Innovations,"The Netherlands: Hub for Scaling Food Innovations 16 showcases on our pavillion, hosted by Foodvalley, BOM and Oost NL: Time-Travelling Milkman, Epos, Grassa, Fiber Foods, Greencovery, Cibus Nexum, GreenFood50, NoPalm Ingredients, Huijbregts Groep, The Protein Brewery, Magie Creations, Caffe Inc., Bodec, Onima, revyve, and PeelPioneers. Foodvalley hosts a booth with 15 partners from The Protein Community and The Upcycling Community . The Netherlands leads in alternative proteins through its agri-food, logistics, and innovation strengths. The Protein Community is the world’s largest network for plant-based protein innovation. Since 2017, its 150+ partners have brought over 200 products and technologies to market, connecting suppliers, manufacturers, and researchers to scale sustainable protein solutions. The Upcycling Community turns food side streams into new products to cut waste and foster a circular system. BOM is a proud partner of the Scale-Up Plant of Europe, an initiative that ...",,Consulting,Egg replacer,,"Goirleseweg, 5026, Tilburg, Netherlands",,+31 6 42067721,https://foodvalley.nl/en/protein-transition-map/,https://www.ingredientsnetwork.com/the-netherlands-hub-for-scaling-food-innovations-comp324035.html,324035
Foreign Domestic Chemicals,"As the leading suppliers of Tara (Caesalpinea Spinosa), Foreign Domestic Chemicals and Exportadora El Sol have been supplying Tara products to manufacturers in the food, pharmaceutical, leather, cosmetic industries for over 60 years. We are proud of our long term relationships with both our customers and suppliers. We lead by example as shown by our decades long commitment to assure the increased availability and sustainability of the Tara tree for future use by industry and benefit to the vast network of growers and collectors who depend on Tara for their families and villages. Our experience and expertise assure our customers receive a consistent, high quality product at a competitive price that includes the outstanding service they deserve. You will always be satisfied with our Solgum Tara Gum in your food applications, with our Fitapor line for your tanning applications as well as with our other Tara products. FDC/El Sol also work with several other natural products from Peru: Brazil Nuts from Madre de Dios, Giant Corn from Cusco, Olives from Tacna, as well ...",,,Sustainable,,"3 Post Road, NJ 07436, OAKLAND, United States",,+1 2016519700,,https://www.ingredientsnetwork.com/foreign-domestic-chemicals-comp253076.html,253076
Polypan Group,"Since 1980, We provide innovative and high-quality products and services to our customers, 30 years now. We pride ourselves on our wide range of products and applications, on our extensive knowledge and experience of our customer’s needs and our commitment to efficient and on time service. Through intense research and development, our technical staff offers customers the opportunity to cooperatively develop their own ideas and diversify themselves from the competition. Additionally, we provide constant after-sales support since we don’t see ourselves as suppliers, but as partners to our customers. We provide fast and consistent delivery of our products to our customers and we maintain quality at all times using standard and efficient operations. By cooperating closely with universities and research institutes we are able to deliver scientific advances more efficiently e.g. through common objectives, co-ordination of research efforts and greater sharing of facilities. We promote environmental sustainability and corporate social responsibility and this is why we choose our ser...",,,,,"Kiprou 5 & Lefkados 2b, 18346, Moschato, Greece",,6947561908,,https://www.ingredientsnetwork.com/polypan-group-comp304716.html,304716
Valfoo AG,"Valfoo is one of the leading family-owned dairy suppliers of niche milk and whey products in Europe. Using our extensive experience and know-how, we develop new dairy products, innovative technologies and fully integrated supply chains that deliver high-value and high-quality to our customers. A specialist in adding value at every stage, we stand for “the VAL ue of FOO d”. With our vast knowledge in the dairy industry, we represent trust and quality. Together with our partners, we’re proud that our work contributes to the health and wellbeing of families in over 25 countries across Asia Pacific, Europe and Oceania. Valfoo has fored exclusive partnerships with many specialized farms throughout Europe to ensure milk quality and sustainable farm performance, taking the best quality raw materials, collaborate with our network of expert processing plants and can help you create specialist products for customers looking to meet dietary requirements, unique tastes and specific health benefits. Valfoo is your tr ...",Africa; Asia; Australia; Central/South America; Eastern Europe; Middle East; North America; Western Europe,Manufacturer: Ingredients / Additives,Dairy,,"Technoparkstrasse 1, Zurich, Switzerland",,+41762299881,https://exhibitors.figlobal.com/2025fiat/,https://www.ingredientsnetwork.com/valfoo-ag-comp312789.html,312789
"ANHUI EBUY INTERNATIONAL CO., LTD.","Ebuy International, which is one of the oldest and biggest suppliers of food ingredients in China. We focus on food industry and provide good ingredients and additives for food users and distributors. Besides, we are also strong for API.",Africa; Asia; Australia; Central/South America; Eastern Europe; Middle East; North America; Western Europe,Distributor,Dietary supplements,,"ROOM 2415, VANKE CENTER,NO.2 FEIHE EAST STREET,HEFEI,CHINA,230031., China",,551-65670917,https://exhibitors.figlobal.com/2025fiat/,https://www.ingredientsnetwork.com/anhui-ebuy-international-co-ltd-comp250094.html,250094
POLMLEK,"Polmlek Group - is the largest private dairy company in Poland with 100% Polish capital. It has been successfully implementing its strategy for almost 30 years and is gaining more and more market share, especially thanks to canvassings. In 2022, three plants joined the Polmlek Group - CEKO Goliszew, JAGR Warlubie and Safilait in Morocco. Africa is the fastest-growing market currently. 15 production plants, many warehouse spaces, 5000 qualified employees, unique recipes, modern technologies, good logistics facilities - this is how the Polmlek Group can be briefly described. Polish milk only - The Polmlek Group cooperates with almost 9600 dairy farms. Our suppliers apply the highest standards of animal husbandry, care for their welfare, and provide high-quality feed. The purchased milk is a raw material with very good parameters, controlled in specialized laboratories. All to be ensure that our products are healthy, fresh and delicious. Selected varieties of vegetables and fruits - The secret of the perfect taste of Fortuna, ...",,Manufacturer: Finished Food Products,Dairy,,"ul. Hoza 51, 00-681, Warsaw, Poland",,+48 236924113,https://polmlek.com/en/,https://www.ingredientsnetwork.com/polmlek-comp270099.html,270099
Symega Food Ingredients,"Symega Food Ingredients is one of the leading suppliers of innovative taste and sensory solutions for snacks, bakery, beverages, instant foods, dairy and plant-based products, among others, in the food and beverage industry worldwide. At Symega, we strive to constantly deliver cutting-edge solutions that redefine sensory experiences on a global scale.",Africa; Asia; Middle East,Manufacturer: Ingredients / Additives,Contract manufacturing,,"X1 312G, Synthite Taste Park, Pancode, Kolenchery,Ernakulam,, Kochi, India",,9847600602,https://www.symega.com,https://www.ingredientsnetwork.com/symega-food-ingredients-comp269098.html,269098
"Ultimate Products Co., Ltd.","Manufacturer / Exporters / Wholesale Suppliers Of energy drink and soft dink, synthetic colors, energy drink and juice, red paprika",Africa; Asia; Australia; Central/South America; Eastern Europe; Middle East; North America; Western Europe,Distributor; Import / Export Services,Energy drinks,,"149/246 Moo.13 Petkassem Soi 95, Petkasem Rd., Omnoi, Krathumban,, Thailand",,+66 4207935-8,https://exhibitors.figlobal.com/2025fiat/,https://www.ingredientsnetwork.com/ultimate-products-co-ltd-comp264194.html,264194
GreenField Sp. z o.o. Sp. k.,"GreenField company is a manufacturer and international supplier of natural ingredients for food industry (bakery, confectionary, dairy, beverages), cosmetics, pharmaceuticals and feed / pet food industry. We don't import. We produce and export our own products. We have five main groups of products in our portfolio: dried fruit seeds, dietary fibres, cold pressed oils, dried pomaces and dried fruit powders. We offer conventional ingredients and some of the ingredients are available in organic quality. In addition, we provide certified Kosher and Halal natural ingredients upon request. Our products are dedicated for international manufacturers and distributors who are looking for clean label ingredients and new solutions for their innovative recipes. Our ingredients are exported and used by leading food producers in many countries around the world. We are proud that most of our innovative ingredients come from fruits and vegetables of Polish origin. For many years, Poland has been one of the the world’s largest suppliers of very good qual ...",Africa; Asia; Australia; Central/South America; Eastern Europe; Middle East; North America; Western Europe,"Contract Manufacturer; Distributor; Food Safety, Quality and Service; Manufacturer: Finished Food Products; Manufacturer: Ingredients / Additives; Raw Material Supplier",Contract manufacturing,,"Górczewska 242/31, 01-460, Warszawa, Poland",,+48 22 389 39 49,https://www.greenfield.eu.com,https://www.ingredientsnetwork.com/greenfield-sp-z-o-o-sp-k-comp282134.html,282134
OQEMA Group,"OQEMA Group ranks among the top ten chemical distributors in Europe, with over 40 locations across 25 countries. Boasting a team of nearly 1,600 employees, we leverage a vast network of skilled partners to serve our clients. Our customers benefit from our deep industry knowledge and customised solutions. With many years of experience, we pride ourselves on our speed, commitment, and flexibility. Our extensive expertise is the basis for reliable cooperation. We are honored to maintain long-term relationships with numerous esteemed suppliers, ensuring exceptional delivery reliability and top-tier product quality. Our services are designed to be cost-effective, tailoring quality and quantity to meet customer needs while providing optimal supply conditions.",Eastern Europe; Western Europe,Distributor,Dietary supplements,,"Schlosstrasse 39, 41352 , Korschenbroich, Germany",,+49 152 01666 115,https://oqema.com/en/,https://www.ingredientsnetwork.com/oqema-group-comp279270.html,279270
Al Garas For Spices and Herbs,"Al Garas for Spices and Herbs located in Alexandria, Egypt. We are one of the Egyptian suppliers who have a wide range of products such as spices, herbs, seeds and beans since 1952. Our Main Egyptian products: Herbs: Cilantro, Parsley, Celery, Lemon grass, Peppermint, Spearmint, Basil, Moringa, Dill tips, Thyme, Rosemary….. Flowers: Chamomile (Flower & TBC), Hibiscus (Flower & TBC), Calendula (Flower & Petals), Verbascum. Beans: Broad beans, Fava Beans, White kidney beans Spices and Seeds: Caraway, Black cumin, Cumin, Fennel, Fenugreek, Anise seeds, Sesame, Dill seeds, Coriander seeds, Chili (whole/powder & granules)…. Our company had been certificated by ISO22000, ISO9001, Sedex, Halal and organic certificate.",,,Beans,,"73 El Horria Rd, 21521, Alexandria, Egypt",,0020339392134,https://www.algarasspices.com,https://www.ingredientsnetwork.com/al-garas-for-spices-and-herbs-comp281187.html,281187
Scandic Food,"A DANISH FOOD MANUFACTURER By combining more than 100 years of tradition with modern passion for good food and taste, innovative, high-quality products are developed. Scandic Food wants to be one step ahead when it comes to innovation for the consumer markets, bakeries and food service segments. Additionally, Scandic Food A/S is one of the leading private label suppliers with export worldwide. Dairy Alternatives, Fruit fillings, Bakery jams, jams and marmalades, condiments, honey and oat represent the major part of the production, which accounts for several thousands of tons per year from our factories located in Denmark and Poland. This large volume of production enable us to offer high quality products at competitive prices. Scandic Food A/S is subsidiary to Good Food Group A/S, founded in Denmark. We have our deep roots in Denmark. A country that for decades has been known worldwide for its high level of food safety and food quality. We make a virtue in following the principles of Danish food man ...",Africa; Asia; Australia; Central/South America; Eastern Europe; Middle East; North America; Western Europe,Manufacturer: Finished Food Products,Sweet & Savoury Spreads,,"Herredsvej 30A,, DK-7100, Vejle, Denmark",,+45 75711800,https://goodfoodgroup.com/en/,https://www.ingredientsnetwork.com/scandic-food-comp267984.html,267984
"Arshine Food Additives Co., Ltd.","Arshine Food Additives Co., Ltd. is the wholly owned subsidiary of ARSHINE GROUP. Arshine Group, set up in Shenzhen in 2007, is one of the leading raw material suppliers in China, and carries an extensive range of products covering the following segments: food, human healthcare, animal feeding and health. In 2020, Arshine moves into its self-owned office building in Changsha, Hunan, China. Arshine Food Additives has been focused on offering products and services for customers in the food& beverage, health and nutrition, pharmaceutical, cosmetics and chemical industries. Our mineral supplement plant could offer OEM service for the customers. So far Arshine has built up close cooperation for 2000+ products with their qualified manufacturers, connected with customers all over the world. The extensive products range, rich application experiences, excellent market knowledge and professional services will help our customers and partners achieve their objectives.",,,Dietary supplements,,"building 14, 410000, Chang Sha Shi, China",,15889623180,,https://www.ingredientsnetwork.com/arshine-food-additives-co-ltd-comp319258.html,319258
Zhangzhou Bestvegetable Foods Co.Ltd,"Company Overview: Best Vegetable Foodstuff Co., Ltd. is a leading supplier of Dehydrated and Freeze-Dried Fruits and Vegetables, catering to many of the world’s top food companies. With over 25 years of experience, we have established ourselves as one of the foremost suppliers in the Americas and globally. Our factory in Southern China features a state-of-the-art cleaning and sorting line for final inspection before packaging, ensuring that our products meet the highest standards of quality and safety. In addition to our main facility, we operate 5 joint venture factories located in various provinces throughout China. These joint ventures benefit from our advanced technical support, modern production equipment, and know-how, which enable them to produce top-quality dehydrated and freeze-dried products that satisfy international demands. Products and Services: Best Vegetable specializes in producing a full range of Dehydrated ...",,Manufacturer: Ingredients / Additives,Carrots,,"Xianjing Industrial Area, Shiting Town, 363020, Zhangzhou City, Fujian, China",,+0086-596-2162946,https://www.bestvegetable.com,https://www.ingredientsnetwork.com/zhangzhou-bestvegetable-foods-co-ltd-comp324195.html,324195
"YANCHI YI JIAN BIOLOGICAL PROJECT CO.,LTD","Yanchi County Yijian Biotechnol Co.,Ltd was founded in Dec 2012, by Mr. Dezhi Zhang, the legal representative of the company. Company registered capital is 10 million RMB. The main business sectors are culture, processing, internal sales, import and export trade of organic spirulina and organic chlorella products. Yijian is known globally as one of the major suppliers of microalgae products across the world. Annual production rate is 600 Mt. Average annual sales income is around 5 million dollar.",,,Chlorella,,"East of the Village, 751500, Ningxia, Ningxia, China",,,,https://www.ingredientsnetwork.com/yanchi-yi-jian-biological-project-co-ltd-comp314180.html,314180
Gelprime,"Gelprime is a manufacturer of high quality, 100% traceable, bovine gelatine. Created in 2019, with a factory in Ibipora-PR, Gelprime is part of one of the largest business groups in the bovine leather processing sector (Vancouros and Viposa/Brasil, and Crest Leather / England), with more than 65 years of experience, expertise, tradition and professionalism. Gelprime is part of a network of own and certified suppliers of raw materials, that will guarantee the origin, traceability and availability of its products to our customers. The group has a portfolio of the highest quality products serving markets in strategic sectors of the world economy including the automative, upholstery, shoe and leather goods industries. In Brazil, the group is present in several states, with operations in England and Italy also. It operates across 22 units and employs a staff of 5000.",Central/South America; Eastern Europe; North America; Western Europe,Manufacturer: Ingredients / Additives,Collagen - Bovine,,"Distrito Taquara Do Reino, 86200, 86200, Brazil",,+55(43)3178-1850,https://www.gelprime.com,https://www.ingredientsnetwork.com/gelprime-comp323011.html,323011
"XI‘ AN HAOZE BIOTECHNOLOGYCO., LTD","We, Xi'an Haoze Biotechnology Co., Ltd was established in 2014, and located in Hi-Tech Industrial Zone in Xi'an Shaanxi province China. After about 10 years development, we are the leading supplier and researcher for Natural plant extract; Fruit and vegetable powders; Cosmetic ingredients; Food additives; Plant oils. There are many featured products, such as: inulin, bromelain, Chlorogenic acid of eucommia ulmoides, nattokinase, sapindoside, sophocarpidine, Yohimbine hydrochloride, Epimedium Extract expands the market with a strong brand advantage, and realizes the leapfrog",Africa; Asia; Australia; Central/South America; Eastern Europe; Middle East; North America; Western Europe,Manufacturer: Food & Beverage Finished Products,Inulin,,"Room D, floor 3, building 1, No.6, Zone C, Entrepreneurship R&D Park, 69 Jinye road,, China",,,https://WWW.HAOZEHEALTH.COM,https://www.ingredientsnetwork.com/xi-an-haoze-biotechnologyco-ltd-comp319865.html,319865
"Connell Bersaudara Chemindo, PT","Connell Brothers is the largest and one of the most highly respected marketers and distributors of specialty chemicals and ingredients in Asia-Pacific. Our commitment is to ensure that your products are delivered into the hands of our customers. We have an extensive network and infrastructure throughout Asia-Pacific, with long-standing relationships in local markets. We represent a variety of suppliers and products in multiple markets, including coatings and inks, plastics and rubber, food ingredients, and personal and home care and other industrial segments. We’ve been serving customers and suppliers in Asia-Pacific for over 100 years.",Asia; Australia; North America,Distributor,Nutricosmetics,,"Menara Bidakara 2, 9th Floor Jl. Jend. Gatot Subroto Kav 71-73 ., Jakarta, Indonesia",,+62 21 83795720,,https://www.ingredientsnetwork.com/connell-bersaudara-chemindo-pt-comp256182.html,256182
"HUANDA COCOA FOOD CO.,LTD.","Huanda is a young dynamic company that committed to produce affordable top quality cocoa products in China and Indonesia. Since its foundation, we have been supplying confectionery industry with raw materials, with passion and knowledge on everything about cocoa. In China, we manufacture cocoa powder by blending and processing cocoa cakes, which from cocoa origin country such as Ghana and Ivory Coast. Huanda also produce cocoa powder in our co-owned factory in Indonesia. Huanda is planning to open new cocoa powder factory in Ghana in 2021. Today Huanda is among TOP 3 suppliers and exporter of cocoa powder from China.",,,Cocoa,,"Ja fe Road, Wanchai,, 999077, Hong Kong, China",,86 15852781663,,https://www.ingredientsnetwork.com/huanda-cocoa-food-co-ltd-comp322019.html,322019
Ningxia Qiyuan Pharma,"Ningxia Qiyuan Pharmaceutical Co., Ltd. was established in January 2001, by the former state-owned enterprise Ningxia Pharmaceutical Factory and Ningxia Traditional Chinese Medicine Factory. The company adheres to the inheritance and seizes the opportunity. After nearly two decades of unremitting efforts, the company has now developed into a modern large-scale comprehensive biopharmaceutical enterprise well-known at home and abroad, The company relies on Ningxia's regional advantages suitable for the development of biopharmaceuticals, and vigorously develops the development and production of antibiotic raw materials, vitamin raw materials, and deep processing of corn. The company's tetracycline API series products are exclusive products in the world. Erythromycin API and its synthetic products are currently one of the world's three largest suppliers. Vitamin C series products occupy a place in the domestic and foreign markets due to their scale and quality. The company pays attention to product quality and product research and development, and is listed as a nat ...",,,Dietary supplements,,"No 1 Qiyuan Str., Wangyuan Industrial Area, 750101, Yinchuan, Ningxia, China",,+86 951 4066968,https://www.china-qiyuan.com,https://www.ingredientsnetwork.com/ningxia-qiyuan-pharma-comp322418.html,322418
Mayvi International Pvt Ltd,"At Mayvi, we are committed to help our clients discover new opportunities for collaboration and growth. By leveraging our strong market knowledge and business experience, we compress the time and cost of sourcing, distribution, marketing and after-sales support for our customers. To cater to the unique needs of our clients, we develop customised business development strategies and execute them with precision. From Agro and Pharma to speciality , personal care, food & feed, Mayvi serves Indian as well as global companies across multiple verticals. We also have a sales and distribution business of our own with operations in India and abroad. Thus, Mayvi offers solutions across the entire business lifecycle from identifying suppliers for clients to delivering products. Over the last 10+ years, we have built close relationships with suppliers in the Indian market. This gives us strategic insights into emerging market trends, enabling our international partners to save time and money. On the local level, Mayvi is a trusted partner to small and large businesses that are expan ...",,Distributor,Pharma and OTC products,,"181/186, MHADA Layout Gorai, Gorai Road, Borivali West, Mumbai, India",,,https://Mayvi International Pvt Ltd,https://www.ingredientsnetwork.com/mayvi-international-pvt-ltd-comp305874.html,305874
"Yunnan Alphy Biotech Co., Ltd.","Found in 2007, Yunnan Alphy Biotech Co.,Ltd is a global-leading supplier of natural algae astaxanthin. We are one of main suppliers in large-scale culture of Haematococcus pluvialis and production of natural astaxanthin in natural and eco-friendly way. We have different types of astaxanthin products such as algae powder, algae oleoresin and CWD powder etc. After four expansions in 17 years, we are able to produce 240 tons biomass per year now. Our productivity occupies around 53% share of China. The company is also cGMP, FSSC22000, ISO22000, ISO9001, Kosher and Halal certified. From algae culture to deep processing and analysis, all activities are conducted in our own facilities and lab. AstAlphy Astaxanthin has premium quality.",,Manufacturer: Ingredients / Additives,Algae oil,,"Biological Industrial Park,Development Zone,, Chuxiong, China",,8786168626,,https://www.ingredientsnetwork.com/yunnan-alphy-biotech-co-ltd-comp307651.html,307651
Hermes Consilium Ltd.,"Hermes Consilium is an exclusive distributor of clinically supported ingredients for nutritional products in the region of Central & Eastern Europe. We represent some of the most established ingredient suppliers in the world, such as Gnosis by Lesaffre, Cargill, Natreon, OmniActive, Natural Remedies, Ingredia, Lipofoods, and Anagenix. We represent the go-to agent for the highest quality, clinically supported, branded ingredients in the CEE space and our clients also benefit from our scientific support, technical & formulating tips, and market trends. You are welcome to reach out and see which ingredients we can support you with. Our expertise is your advantage : Gateway for ingredient companies : Our extensive network of clients combines the many markets of Central and Eastern Europe into one single opportunity for ingredient companies. Consultants for supplement manufacturers : Our support on finished product development & positioning enables our clients to utilize the added value carried by ingredients in our po ...",Eastern Europe,Distributor,Functional food,,"Cesta v Mestni log 88a,, 1000, Ljublijana, Slovenia",,+386 1 235 52 40,,https://www.ingredientsnetwork.com/hermes-consilium-ltd-comp307668.html,307668
Dohler,"Döhler is one of the world’s leading producers, marketers and suppliers of natural ingredients, ingredient systems and integrated solutions for the food and beverage industry.",Africa; Asia; Australia; Central/South America; Eastern Europe; Middle East; North America; Western Europe,,,,"MIGUEL GUIDOTTI 905, MIGUEL GUIDOTTI, Chacara Baiana, 13.485-342, LIMEIRA, SP, Brazil",,19 2114-6012,https://www.doehler.com.br,https://www.ingredientsnetwork.com/dohler-comp266960.html,266960
Interfood Group,"The Interfood Group is a leading global dairy supplier, facilitating the distribution of over 1.000.000 MT of dairy products per annum. With 50 years of dairy experience, 14 offices spread over all continents, and over 330 employees performing specialized services, Interfood has a unique perspective on dairy. Our product range consists of products such as cheese, milk powders, butter and AMF, liquid milk products, proteins, and many more. Interfood's accounts are multinationals in the food industry, dairy producers and processors, government institutions and importers / distributors all over the globe. Whether for customers or suppliers, our goal has always been clear; to deliver better products, better services and informed insights about the industry. But our goals go further – beyond our core offerings and business aspiration; we are committed to contribute to a sustainable planet, where we can all enjoy dairy responsibly, now and in the future. Thriving on close collaboration and long-term ties with our busin ...",Africa; Asia; Australia; Central/South America; Eastern Europe; Middle East; North America; Western Europe,Distributor,Cheese - cow,,"Kennedyplein 224, 5611 ZT, 5613 BH, Eindhoven, Netherlands",,0031646169935,https://www.interfood.com,https://www.ingredientsnetwork.com/interfood-group-comp249049.html,249049
SETHIC INNOVATION LABO,"Founded in 1998 with French origins and a strong presence in Asia, SETHIC delivers innovative WELLCARE solutions through synergistic skin, hair, oral, and inner care. Our unique co-culture fermentation technologies, developed in collaboration with Japanese and French researchers, are proven by multiple studies. Featured ingredients: VIQUA Micro-polyphenols and OPTIMEALTH Super-Metabiotics.",Asia,Raw Material Supplier,Other Antioxidants,,"68 boulevard du Port Royal, 75005, Paris, France",,,https://www.sethic-innovations.com,https://www.ingredientsnetwork.com/sethic-innovation-labo-comp314827.html,314827
SVZ International B.V.,"Looking for high-quality, sustainable fruit and vegetable ingredients? Our portfolio of premium purees, concentrates, NFC juices and IQFs are not only tasty and 100% natural, but you also receive the added reassurance of SVZ’s reliability. Drawing on more than 150 years of expertise across the agro-supply chain, our collective knowledge and close collaboration with our partner farmers, customers and suppliers makes us the go-to fruit and vegetable ingredients supplier for leading food and beverage manufacturers across the globe. Together, we grow better.",Africa; Asia; Australia; Central/South America; Eastern Europe; Middle East; North America; Western Europe,Manufacturer: Ingredients / Additives,Other Fruit,,"Reduitlaan 47, 4814 DC, Breda, Netherlands",,+31 76 50 49 494,https://www.svz.com,https://www.ingredientsnetwork.com/svz-international-b-v-comp249829.html,249829
Alesco S.r.l.,"Alesco produces and distributes raw materials for the pharmaceutical, nutraceutical, cosmetics and food industries. In addition to holding exclusive licences for the distribution in Italy of functional ingredients produced by some of the world’s major innovative companies, since 2010 Alesco has been developing and producing a range of proprietary formulations based on Sucrosomial® Technology, a patented delivery system, which is an authentic innovation in the integration of minerals and nutrients. As manufacturers and suppliers of certified raw materials for the nutraceutical, pharmaceutical and food sectors, we have the duty and responsibility to supply safe, effective and high-quality products. For this reason, although a small company, we strive to make a difference in this sector, supplying only functional ingredients with unique and innovative properties under exclusive licence at national level. Our history Alesco S.r.l. was established in 2000 in Pisa, aiming to stand out on the nutraceutical, pharmaceutical and food ...",,,Iodine,,"Via delle Lenze, 216/B, 56121, PISA, Italy",,,https://www.alescosrl.com/,https://www.ingredientsnetwork.com/alesco-s-r-l-comp309417.html,309417
IMCD,"IMCD is a global leader in the distribution and formulation of speciality chemicals and ingredients, providing solutions to its partners across eight diverse market sectors. We partner with leading suppliers to deliver clinically studied and fully traceable active nutraceutical ingredients , as well as a full range of high-quality excipients for a variety of dosage forms. Through our global network of Technical Centres, we support our customers’ new product development by creating science-based, market-ready concepts that incorporate novel delivery formats, are trend focused, and compliant with local regulations. This approach enables our customers to swiftly launch new and differentiated products to the market, so that consumers can supplement their health with complete peace of mind. Key trends we cover include beauty from within, immunity, cardiovascular, cognitive health and much more. Visit our booth at Vitafoods and discover how our Nutraceutical experts are ready to collaborate and innovate towards your next mar ...",Africa; Asia; Australia; Central/South America; Eastern Europe; Middle East; North America; Western Europe,Distributor,Nutrition ingredient mixture,,"Hufgasse 10, 8008, Zurich, Switzerland",,,https://www.imcdgroup.com,https://www.ingredientsnetwork.com/imcd-comp307479.html,307479
Azelis,"Azelis is a leading global distributor of speciality chemicals and innovative ingredients. We place partnerships with customers and principals at the heart of our activities, and have the knowledge to help you thrive in your business. Azelis Food & Health offers high quality food ingredients, effective auxiliary materials and a wide range of additives, to help create the taste, texture, performance and appearance you need for your food, health and nutritional products. We have a unique and extensive range of flavour, colour and performance ingredients, combined with specialised services to provide advanced solutions. With 53 application labs across the world, each dedicated to a single market segment, we develop innovations that excite our customers. Our award winning teams work with both suppliers and customers to help market solutions that sets them apart. Custom formulations, product testing, regulatory compliance and sales support are just some of the services our labs offer. Not only that, our expert teams anticipate market trend...",Africa; Asia; Australia; Eastern Europe; North America; Western Europe,,Other Flavourings,,"Rue Gabriel Lippmann 19, L-5365, Munsbach, Grand-Duchy of Luxembourg, Luxembourg",,+352 263 50 631,https://www.azelis.com,https://www.ingredientsnetwork.com/azelis-comp273240.html,273240
Diafood,We at Diafood are experts in processing vegetable ingredients for more than 35 years. The company has specialised more particularly in organic products and mushrooms. Careful selection of certified suppliers and regular supplier audits mean we are able to guarantee products of extremely high quality.,Africa; Central/South America; Eastern Europe; Middle East; North America; Western Europe,Manufacturer: Ingredients / Additives,Organic,,"Römerstraße 245, 69126, Heidelberg, Germany",,+49 (0)6221 64 210,https://www.diafood.de,https://www.ingredientsnetwork.com/diafood-comp317234.html,317234
BanQu,"With BanQu, sustainable sourcing and compliance have never been easier! BanQu is the only true traceability solution that helps global brands and suppliers gain visibility and control of the remote, hidden parts of their supply chain – with source-level, verifiable data. With BanQu's blockchain-based platform, companies can: 1. Prove Compliance: Our audit-proof platform is your one-stop shop for all your traceability data and ESG reporting needs! 2. Enhance Sustainability: BanQu helps companies ensure their products are ethically sourced and produced. 3. Strengthen Resilience: Our platform allows companies to monitor their supply chains and detect potential risks, enabling them to act before they become crises. 4. Improve Efficiency: By streamlining supply chain processes and reducing paperwork, BanQu can help companies save time and money while enhancing their operational efficiency. 5. Build Trust: Our transparent and auditable system enables companies to build trust with their customers and investors, boosting t ...",,,,,"2701 N Thanksgiving Way #100, 84043, Lehi, Utah, United States",,+15713892606,,https://www.ingredientsnetwork.com/banqu-comp315847.html,315847
GfM Gesellschaft fuer Micronisierung mbH,"GfM is your contract partner that delivers milling and grinding services for clients worldwide, be it nutrients, cosmetics, exipients or active pharmaceutical ingredients (APIs). We use our knowledge of particle size reduction to offer clients reliable solutions for their manufacturing processes. The milling of a product to a certain particle size distribution is sometimes a challenge. Doing it over and over for hundreds of batches, sometimes from different suppliers, is then very difficult and requires a lot of know-how. At GfM, we use our knowledge to help companies achieve sustainable savings in their supply chain. We offer multiple mills in different sizes to align the milling process with our clients’ requirements. Any quantities from first research and development (R&D) trials, samples with different specifications and smallest batches, upscaled productions, and evaluation studies and routine campaigns of up to tonnes of product can be milled. We operate one manufacturing site in Bremen, north-west Germany, and an office in New Jersey, USA. Operatin ...",Africa; Asia; Australia; Middle East; North America; Western Europe,Contract Manufacturer,Dietary supplements,,"Lesumer Heerstrasse 30, 28717, Bremen, Germany",,+49 421 61072 200,https://www.gfm-bremen.de,https://www.ingredientsnetwork.com/gfm-gesellschaft-fuer-micronisierung-mbh-comp249001.html,249001
"Anhui Minmetals Development IE Co., Ltd","Established in 1986 , China Anhui Minmetals Development I/E Co., Ltd. has made a name for itself in the list of top suppliers of in China. Along with developing rapidly in the export of machine-electric in china, AMIEC has built steady trade relations with foreign dealer and distributor for last few years. The company has established steady marketing channels with many manufactures and customers all over the world, and has extended her business ranges, including not only traditional metals & minerals, but also a variety of commodities.",,,Other Minerals,,"1689 Xiyou road, 230001, Hefei, China",,+86 139 560 16207,,https://www.ingredientsnetwork.com/anhui-minmetals-development-ie-co-ltd-comp307290.html,307290
HELM,"An Hamburg base family owned company steeped in tradition over 120 years of history. HELM is one of the world major independent chemicals marketing enterprises with more than 100 subsidiaries and sales office and participation in over 30 countries. The Nutrition division, aligned with the mission, vision and values of the HELM group, carry out their activities in Europe and Mexico. Our portfolio (additives and ingredients) is well diversified so that we can take care of any kind of industries regardless of the segment. We handle both specialties and commodities, acting like a bridge between worldwide manufacturers and the European Food industry. Our target is to develop a long-term partnership with both customers and suppliers. Our staff is highly qualified, supporting our customers with technical advisory, market intelligence, competitive prices, and the highest level of service.",North America; Western Europe,Distributor,Fat replacer,,"Ctra. Fuencarral, 24. Edificio Europa I. Portal 2, 28108, Madrid, Spain",,0034638771863,,https://www.ingredientsnetwork.com/helm-comp308639.html,308639
GEFA Exportservice GmbH,"GEFA Exportservice GmbH (GEFA GmbH) realizes international export promotion projects for exporters of the German agricultural and food industry. These include German Pavilion at trade fairs, business trips, information events and contact exchanges, presentations by German exporters at international trade conferences, buyer meetings and promotion campaigns (German Weeks) abroad and the purchase of export services, e.g. licenses from suppliers of international market data. The member organisations of GEFA represents approx. 1,750 exporters of the German food and agricultural industry.",,,Consulting,,"Getraudenstr 20, 10178, Berlin, Germany",,+493040004770,https://www.germanexport.org,https://www.ingredientsnetwork.com/gefa-exportservice-gmbh-comp280619.html,280619
Planifolia LTD,"PLANIFOLIA Group has been a World Vanilla Specialist since 1998. The management has a great experience in sourcing natural products as well as risk management and financing. Located in Mauritius (Head Office) and in Madagascar, the Group’s objective is to offer innovative services, competitive pricing, unparalleled traceability and sustainability through co-operation with considered partners from farmers to customers. Our commitment is to bring a structured approach to a traditional market to meet the requirements of international customers. PLANIFOLIA Group has become the first choice for Vanilla and similar products by implementing a balanced and de-risked integration model across the value chain, limiting local exposure and establishing stable long term relationships with key suppliers, financial sponsors and customers. KGS GLOBALLY DELIVERED",,,Sustainable,,"10 Frere Felix de Valois street, 11404, Port Louis, Mauritius",,.,,https://www.ingredientsnetwork.com/planifolia-ltd-comp306516.html,306516
PlantWorks,"We are a Biotech company involved in Cultivation and Trading of medicinal and aromatic plants with over 15+ years of expertise. We are trusted suppliers to several Global Brands in the Pharmaceutical and Nutraceutical business and are preferred because of the transparency, professionalism and determinism we bring to the supply chain. We also partner with you in Botanical Research, Supply Chain Innovation and Precision Medicine amalgamating our deep expertise in Artificial Intelligence and Biosciences. If this interests you and you would like to know more, contact us and we will be very happy to work with you.",,Raw Material Supplier,Dietary supplements,,"9 Clare Street, D02 HH30, Dublin, Ireland",,+353 876532348,https://www.plantworks.group,https://www.ingredientsnetwork.com/plantworks-comp307462.html,307462
Ronly Gida UK,"RONLY GIDA was established in 2016 with the vision of creating a modern Hazelnut processing plant, which would sell directly from origin to domestic and international customers. We are proud suppliers of our first class products to major customers the following industries: Bakery Confectionary Ice cream Snack food Our systems have been designed around modern production concepts, using the latest relevant technology to both maximise efficiency and provide the highest levels of quality control. Our highly skilled Project and Processing team boasts individuals with more than twenty five years of technical and system management experience in this field, as well as extensive expertise in global hazelnut markets. RONLY GIDA is a BRC & IFS accredited producer and complies with the latest Food Defence principles. We are also committed to adhering to ethical and responsible business practices in the global supply chain (SEDEX four-pillars). The RONLY GIDA factory is located on the European side of Turkey in Çorlu Tekirdag, giving ...",,,Hazelnuts,,"3rd Floor, 201 Haverstock Hill, NW3 5LL, London, United Kingdom",,+447817787199,https://www.ronlygida.com,https://www.ingredientsnetwork.com/ronly-gida-uk-comp309787.html,309787
Tradin Organic Agriculture Bv,"Tradin Organic is a global front runner in organic food ingredients. We lead through our unique sourcing, distributing and processing capability and full service offering. We offer a unique, wide range of organic and certified ingredients – from fruit, nuts and oils to specialty products such as cocoa, coffee and superfoods. To ensure steady, traceable and flawless supply, we continue to add our own worldwide sourcing initiatives and processing operations to our growing global network of suppliers. For these projects, we are involved in the entire supply chain from cultivation to processing to export. We directly source more than 240 products from over 60 origins. Tradin Organic operates processing facilities dedicated to key items such as cocoa, sesame and sunflower seed products, to further ensure organic integrity, the highest product quality and food safety standards.",Africa; Asia; Australia; Central/South America; Eastern Europe; Middle East; North America; Western Europe,Distributor; Raw Material Supplier,Cocoa,,"Stationsplein 61-65, 1012 AB, Amsterdam, Netherlands",,+31 204074499,https://www.tradinorganic.com,https://www.ingredientsnetwork.com/tradin-organic-agriculture-bv-comp249279.html,249279
"Shanghai Richfield International Co.,","Shanghai Richfield is the leader in China for AD and FD vegetables/fruits. Our goal is simple: 'European quality, Chinese price'. Currently we have three of our own factories and one office. We are HACCP certified by SGS, third party audits by BRC with A grade. We are also approved by a lot of multinational corporations. Based on more than 20 years experience in the export to Europe and US Market, we are familiar with the food laws and regulations from these markets. Shanghai Richfield and all our production facilities are paying serious attention to the quality control. After many years efforts, we became one of the most reliable suppliers in China for the safety and quality consistency. Our standard for food safety is same as that in Europe and US.",Eastern Europe; North America; Western Europe,,Prepared foods,,"Room 1102,Henderson 688 , Plaza,No.688 West Nanjing Road, Jingan District, 200041041, China",,+86 21 5228 5809,,https://www.ingredientsnetwork.com/shanghai-richfield-international-co-comp251380.html,251380
"Shanghai Pinran Health Technology Co.,Lt","PINRAN is a technology oriented enterprise based on R&D, sales & comprehensive application services of hydrocolloids, nutrition and health ingredients. At present, our main products include hydrocolloids as thickener, emulsifier, functional food ingredients, natural dietary fiber and other products. PINRAN is keeping a foothold in China and looking at the world. By now, it has been recognized and favored by many brand suppliers and a large number of valued customers. Its products are widely used in Processed Meat, Dairy & Beverages, Confectionery, Dessert Jelly, Plant-based Products, Pet Food, Bakings, Daily Chemical, Feed additives, Medicine and other applications. PINRAN is adhering to the core business philosophy of concentration, innovation, cooperation and win-win, rooted in quality awareness, safe and efficient logistics system, and technical sharing of professional knowledge, is committed to becoming a high-quality partner in the lean supply chain of China's food and health industry. We provide customers with the most compet...",Africa; Asia; Australia; Central/South America; Eastern Europe; Middle East; North America; Western Europe,Raw Material Supplier,Plant-based foods,,"Hu Hang Lu, De Yang Shi, China",,+8613901882575,,https://www.ingredientsnetwork.com/shanghai-pinran-health-technology-co-lt-comp308618.html,308618
"Youyu County Tuyuan Industrial Co.,LTD","YOUYU COUNTY TUYUAN INDUSTRIAL CO LTD was established in 2001. The company is engaged in agricultural and sideline products processing and it is a provincial and municipal leading enterprise of agricultural industrialization. The company covers an area of 150 mu, including a building area of 15,000 square meters, with freeze-dried food workshops, flour processing workshops, dehydrated vegetable workshops, vegetable production bases and food service resorts, etc. built. We have earned certificates such as health registration in China, import and export qualification certificate in China, custom declaration by ourselves qualification etc, and we have passed a series of authorizations like ISO900 quality control, ISO14000 environment management, HACCP, BRC food global standard, quality certificate from NEST (and become the one of suppliers for them), FDA food safety qualification in America. The freeze drying Chives we produce has passed the organic products qualification and has been awarded the good green environmental products by China committee of quality and safety regul ...",Africa; Asia; Australia; Central/South America; Eastern Europe; Middle East; North America; Western Europe,,Wheat,,"liangWei Industrial zone , youyu county, 37200, shanxi, shanxi province, China",,+86 187 3494 0333,,https://www.ingredientsnetwork.com/youyu-county-tuyuan-industrial-co-ltd-comp251458.html,251458
"Shandong Haiaos Biotechnology Co.,Ltd","Founded in 2015, The collagen casing project of Shandong Haiaos Biotechnology Co., Ltd is a high-tech enterprise focusing on the production of high-quality collagen casing, and committed to providing related technical consultation, services and application research and development. The quality control Department of our company supervises and inspects weekly and monthly, and urges for improvement. We set up a food safety team: members are responsible for supervising and carrying out self-inspection and improvement of each department. All of our raw materials come from our qualified suppliers; All suppliers are evaluated and audited to ensure that they meet our quality requirements; All suppliers are audited annually on site; Each batch of raw and auxiliary materials shall be inspected and put into storage after passing the inspection. Our Product- PCS Collagen Casing. PTS Collagen Casing. PFS Collagen Casing. PNS Collagen Casing. PBC Collagen Casing. PDF Collagen Casing. PDS Collagen Casing. PMS Collagen Casing. Product Application - Steamed Sausage. ...",,,Prepared foods,,"Zhang Bei Lu, 255000, Zi Bo Shi, China",,,,https://www.ingredientsnetwork.com/shandong-haiaos-biotechnology-co-ltd-comp314362.html,314362
Try Swedish,"Welcome to explore our full-flavoured and innovative food and beverage products from Sweden! Meet TRY SWEDISH and our Swedish innovative and creative ingredients suppliers at the official Swedish country pavilion at FiE and get a taste of our part of the world. This year at Food Ingredients Europe, we are joined by the following Swedish ingredients companies: Källbergs: egg-based ingredients, including powders, thickeners and other liquid products (www.kallbergs.com) AstaReal: a global pioneer and expert in natural astaxanthin production, R&D and clinical science (www.astareal.se) To book a meeting with any of our companies, please contact Ebba Gustafsson at [email protected]",,Manufacturer: Ingredients / Additives,Plant-based foods,,"Klarabergsviadukten 70, PO 240, 10124, Stockholm , Sweden",ebba.gustafsson@business-sweden.se,+33 6 83 02 41 31,https://www.tryswedish.com/,https://www.ingredientsnetwork.com/try-swedish-comp287540.html,287540
Trade Ethiopia,TradEthiopia is an online B2B marketplace that aim to interlink businesses. Our web based B2B platform is enabling farmers and other businesses to get potential local and international buyer for their products with a fair value at their convenience. Also finding potential input suppliers at ease with a competitive price using just their cellphones without even traveling to a physical market place.,,,,,"Helzer Tower, 8th Floor, PO Box 14453, Namibia Street, Addis Ababa, Ethiopia",,+251929243367,https://www.tradethiopia.com,https://www.ingredientsnetwork.com/trade-ethiopia-comp316736.html,316736
Arigato Foods,"With over 80Years of blueberry growing experience, British Columbia, Canada is now one of the largest highbush blueberry suppliers in the world. BC Blueberry offers variety of processed blueberry and products like frozen, micro-dried, freeze dried, fresh, purée and more.",,,Blueberries,,"Plot No.O-15, Site V Kasna, Surajpur Industrial Estate, Greater Noida, India",,9910375200,,https://www.ingredientsnetwork.com/arigato-foods-comp315221.html,315221
Agromeals SA,"Agromeals has extensive experience in the marketing of beef, dairy and derived products, as well as other goods linked to the agro-industrial chain in the regional and international market. Since 2015, it has been working with customers in more than 20 countries on all continents, including demanding markets such as China, Europe and the United States. With its in-depth knowledge of the production sector, logistics and international trade, Agromeals aims to create innovative and competitive business models. Through the identification of business opportunities and effective execution, it focuses on adding value to the supply chain of its customers and suppliers, by means of sustainable and long-term partnerships. Agromeals appears in the global context with experience in international trade and a clear view of the opportunities that position it as your strategic partner in South America. This is also possible by the fact that it originated and is based in one of the most dazzling players in the international agribusiness chain, Urug ...",Central/South America,Raw Material Supplier,Pet Food,,"Potosi 1657, Office 006,, Uruguay",,,https://agromeals.uy,https://www.ingredientsnetwork.com/agromeals-sa-comp315156.html,315156
FOODLINK B.V.,"At Foodlink Ingredients we are dedicated to deliver a selection of natural plant based ingredients with consistent and reliable quality. Our product portfolio consists of products like cashew nut pieces and paste, pine nuts and organic peanuts, amongst others. Since we are fully aware of our products’ supply chain challenges, we supply from own factories or exclusively work directly with partner suppliers at the source. This allows us to guarantee full transparency and open door policy across the entire supply chain. We set the bar high and require compliance to the latest standards when it comes to sustainability, social compliance and retail standards. We believe in the importance of the worldwide transition from animal based to plant based food products. In the process of this transition we invest in partnerships with our customers to develop custom fit solutions and join efforts to grow availability of nutritious and tasty plant based food products.",Eastern Europe; Western Europe,Manufacturer: Ingredients / Additives; Raw Material Supplier,Cashews,,"Stationsplein 4, 2275 AZ, Voorburg, Netherlands",,+31 (0)882587800,https://www.foodlink.nl,https://www.ingredientsnetwork.com/foodlink-b-v-comp268003.html,268003
Gelnex B.V,"Gelnex Gelatins maintains the integrity of good business practices through an unwavering commitment to environmental preservation, social responsibility and supply chain transparency from suppliers to customers. With a presence in more than 50 countries, Gelnex takes pride in reaching for nothing other than excellence when producing and creating products for our customer's applications. Visit us to learn more about our new collagen hydrolysate, Peptinex™!",Africa; Asia; Australia; Central/South America; Eastern Europe; Middle East; North America; Western Europe,,Sustainable,,"Schiekade 830, Office No. 1.7, 3032 AG, Rotterdam., Netherlands",,+31 (10) 751 4659,https://www.gelnex.com,https://www.ingredientsnetwork.com/gelnex-b-v-comp248950.html,248950
Smart Ingredients and Specialties Pvt Ltd,"With our humble beginning in 2014, our dynamic growth has led us to be an accomplished national distributor today. Over the years we’ve expanded to carry everything from starches, proteins, fibres, dairy powders, sweeteners, and many others. Whether you’re producing food varieties or refreshments, co-pressing or reintroducing a brand, we offer the ingredient diversity you need. We endure to look for the best ingredient sources to deliver reliable products that meets our customer’s expectations which makes their outcome selection vibrant and strong. You can lay on the commitment that the ingredients we suggest come from completely scrutinized suppliers. Our supplier’s assurance and streamlined documentation processes are top notch, and have been intended to promise product quality, integrity and wellbeing. We, remain on our notion of “Customer First “matrix, which makes us a family of gigantic number of customers across country which rely upon us as the preferred source of their ingredients for food, drinks and nutr ...",Asia,Distributor,Protein products,,"411,Yogeshwar Building, 135/139, Kazi Sayyed Street, Masjid Bunder West, Mumbai, India",,,https://www.smartingredients.in,https://www.ingredientsnetwork.com/smart-ingredients-and-specialties-pvt-ltd-comp314076.html,314076
LACA OGA SIA,"LIO Superfood produces 100% pure organic freeze-dried veggy, fruit, berry and herb powders free from preservatives/additives, artificial colours and sweeteners. Freeze-dried products contain up to 98% of fresh products vitamins and minerals. Our suppliers are small organic farms in Northern Latvia.",Western Europe,Manufacturer: Ingredients / Additives,Plant-based foods,,"""Pagastnams"", Trapenes pagasts, LV-4348, Smiltenes novads, Latvia",,37126555540,https://www.liosuperfood.com,https://www.ingredientsnetwork.com/laca-oga-sia-comp312798.html,312798
Ingredients4u AG,"Founded in 2019, Ingredients4U offers an unrivalled directory of products, sourced from world-class ingredient brands and companies across the globe. Our client base spans food, supplements, pharmaceutical grade products, cosmetic ingredients and much more. Customers can source ingredients as long as they have access to the internet, at any time, anywhere in the world. BUT, we are much more than that. With more than 20 years of related experience, our team is able to provide our suppliers with the supply chain expertise, finance support, as well as marketing capabilities. Ingredients4u is more than an e-commerce platform, we are dedicated to integrating the business into a transparent, efficient and standardized model, and benefiting our co-partners, customers, as well as our suppliers from the global collaboration. With the help of the cutting-edge AI technology and our strong supply chain pattern, we are bringing an innovative business model to our partners to create an online ingredient community in the global area.",,,Other Functional Ingredient Mixtures,,"RM616, #6, Danba Road 28, Putuo District, 200062, Shanghai, China",,,,https://www.ingredientsnetwork.com/ingredients4u-ag-comp307483.html,307483
SEDAMYL SBE s.r.l,"We are a leading manufacturer of starches, sweeteners, proteins and alcohol. We supply ingredients for all the major food, feed and industrial applications. Founded in the 1950’s as an independent family-owned Company, today we are an independent, effective and reliable partner, with members of the founding family actively involved in the business. This allows us to make quick decisions, guaranteeing modern manufacturers maximum flexibility in customising solutions to their business needs. We are one of the main ingredients suppliers for food and beverage, paper and corrugated, green chemistry and animal feed industries and we are recognized by the most important spirits companies for the high quality of our grain neutral alcohol.",,Manufacturer: Ingredients / Additives,Protein products,,"Via Monviso 2, Saluzzo, 12037, Cuneo, Italy",,+39 392 662 84 96,https://www.sedamyl.com/,https://www.ingredientsnetwork.com/sedamyl-sbe-s-r-l-comp287428.html,287428
BOLLORE LOGISTICS / FAIRS & EVENTS,"Bolloré Logistics range of modular services extends across seven core categories: Multimodal Transport, Trade Compliance, Contract Logistics, Global Supply Chain, Industrial Projects, E-commerce, and Customer Value.Our performance stems from a worldwide network of experts and from value-added integrated information systems and tools which afford complete visibility on all operations throughout the entire supply chain.We are committed to a responsible purchasing approach across the 111 territories in which the company operates, working only with a panel of approved suppliers (air, ocean and road freight companies) that have undergone our strict selection process to allow us to fulfil our commitment to providing the best service at the best price. Suppliers are regularly assessed to ensure they continue to meet Bolloré Logistics requirements in terms of quality, deadlines, innovation and economic performance.",,Import / Export Services,Consulting,,"4 à 6 rue des Deux Cèdres / Zone Cargo 3, CS 17354, ROISSY, France",,+332 40 68 61 72,https://www.bollore-logistics.com/en/,https://www.ingredientsnetwork.com/bollore-logistics-fairs-events-comp306740.html,306740
Manolet Almonds,"We are almond crackers as well as almond processors, present in this business since 1946. We are located in the Elche Business Park (Alicante) in our new facilities, provided with the latest technology in almond cracking, selection and processing. We offer all the varieties and sizes for Spanish almonds: Biological, Guara, Lauranne, Valencia, Soleta, Ferragnes and, also, the most traditional varieties as Marconas and Larguetas. All of this in natural and blanched. Besides, we work Californian origin almonds mainly to do the processed almond goods (sliced, slivered, diced, splits, paste and flour). We really care quality of our goods and relationships with suppliers and clients. We are IFS, BRC, Kosher and Organic certifies company.",Africa; Asia; Central/South America; Eastern Europe; Middle East; North America; Western Europe,Raw Material Supplier,Other Bioactives,,"2 Joaquin Turina St Elche, 03203, Alicante, Spain",,+34689430763,https://www.manolet.com,https://www.ingredientsnetwork.com/manolet-almonds-comp308089.html,308089
Nani Agro Foods (P) Ltd,"Nani Agro Foods (P) Ltd., Erode in India is in the Spice business since 5 decades. Nani Agro Foods has been in the business of creating taste. It's spice and spice blends make food taste great. A fully integrated, end-to-end solution provider in Spice business, we specialize in bringing together traditional expertise with state-of-the-art manufacturing facility. We blend spices better, thanks to a committed team and infrastructure that focuses on research and development. Our packaging capabilities allow us to integrate with your supply chain, providing your customers with unmatched value. Nani Agro Foods specialize in manufacturing, personalized label packing and exporting of Indian spice and spice blends processed at a BRC AA Grade certificated plant of ours in South India. We also source various food derivatives from approved suppliers for packing, which encompasses a wide spectrum of our spices, herbs and their derivatives in packed form as per the requirements of local F...",Africa; Asia; Australia; Central/South America; Eastern Europe; Middle East; North America; Western Europe,Manufacturer: Ingredients / Additives,Other Flavourings,,"32, Ottukkara Chinniah Street, , Erode, 638 003., Erode, India",,91-424-2217126,https://naf.in/contact.html,https://www.ingredientsnetwork.com/nani-agro-foods-p-ltd-comp251271.html,251271
Ecolex SDN BHD,"Futura Ingredients is a manufacturer of food emulsifiers and texturizing systems headquartered in Singapore with world-class manufacturing facilities in Westport, Malaysia. We provide effective, innovative technical solutions in bakery, confectionery, oils & fats, peanut butter, dairy, and ice cream applications amongst others. Our product portfolio includes : Ekömul MG - Mono Diglycerides & Distilled Monoglycerides Ekömul XTND - Functional DMG Ekömul MYXT - Emulsifier Blends Ekömul KREM - Texturising Systems for Dairy and Ice Cream Applications Ekölite SL - Sodium Stearoyl Lactylates Ekölite PE - Polyglycerol Esters Ekölite PG - Propylene Glycol Esters Ekölite SE - Sorbitan Esters Ekölite LM -Lactic Acid Esters of Mono-Diglycerides Categories: Custom Blending Dairy Distribution/Suppliers Encapsulation/Microencapsulation, Bakery, Meats, Confection Product Development RS ...",,,Lactic acid,,"Lot 11, Section 5, Fasa 2B,, Pulau Indah Industrial Park,, Jalan Sungai Pinang 4/2,, 42920, Pulau Indah,, Selangor,, Malaysia",,,https://www.futuraingredients.com,https://www.ingredientsnetwork.com/ecolex-sdn-bhd-comp308361.html,308361
foodguys,"Bulk Ingredient Sourcing, Ingredient Solutions, & More If you require a specific bulk food ingredient and you want to optimize size, the right pack, the finest quality, and the best price, foodguys are the guys for you. As a bulk ingredient supplier, We use a network of growers, suppliers, processors, and packers, both domestic and international. We are committed to being reliable, responsive, innovative, and will get you what you need when you need it, all while saving you time and money. When you first establish a relationship with foodguys, we create the criteria for clarifying what our customers truly want. Once we research and price the item(s) that you need, your foodguys salesperson will find it, sample it, compile and complete all the necessary documentation and certifications, manage every detail, and ship it to you. We are your all-inclusive food ingredient supplier. Need ingredients like sweeteners shipped across the world, stored, and delivered? No problem whatsoever - we're your guys. We offer innovative ingredie ...",,,Prepared foods,,"30470 SW Parkway Ave. Suite A, 97070-7804, Wilsonville,, United States",,,,https://www.ingredientsnetwork.com/foodguys-comp308320.html,308320
FlavorWiki,"FlavorWiki is a global digital insights company that provides the fastest, most efficient technology for consumer brands to collect, analyze and manage insights data from consumers all over the world. The FlavorWiki Platform combines advanced data and machine learning techniques with easy-to-use project management features that facilitate digital communication with consumers, colleagues and suppliers globally. By the use of unique technology, excellent customer service and professional expertise, FlavorWiki helps consumer brand companies stay competitive and build winning innovations in a sustainable and affordable way.",Africa; Asia; Australia; Central/South America; Eastern Europe; Middle East; North America; Western Europe,Consulting,Consulting,,"140 Jonathans Drive West End, 27376, North Carolina, North Carolina, United States",,+41791372228,https://business.flavorwiki.com/,https://www.ingredientsnetwork.com/flavorwiki-comp308007.html,308007
Shanghai Freemen Europe,"The finest nutritional products, backed by decades of spot-on market intelligence. Shanghai Freemen is committed to helping our clients in the food and beverage, dietary supplement, personal care and animal nutrition markets bring their innovative ideas to life. Our exceptional, ethically-sourced ingredients provide the solutions your brand needs to enhance its products’ performance, taste and nutritional benefits. Who We Are: We lead the global nutrition market in supplying the highest quality, lowest-priced ingredients to the world’s most celebrated brands with unparalleled market intelligence. What We Do: We take the time to understand your needs in order to develop the products you want while staying aligned with cutting-edge scientific innovation and market trends. How We Do It: Our team builds close relationships with responsible suppliers and distributors who we know and trust to meet your expectations with transparency and integrity. You don’t need to be a market expert, because we are. At Shanghai Freemen, ...",Africa; Asia; Australia; Central/South America; Eastern Europe; Middle East; North America; Western Europe,Raw Material Supplier,Sports Nutrition,,"2500 Xiupu Road, Building 19,, 2595 AM, The Hague, Netherlands",,+31-85-4854488,https://www.freeman.sh.cn,https://www.ingredientsnetwork.com/shanghai-freemen-europe-comp251378.html,251378
Trouw B.V.,"Trouw has grown into one of the leading independent suppliers of gluten free products. Trouw processes gluten free raw materials like pulses, seeds, grains, buckwheat and much more. With a high-tech industrial mill Trouw produces single flours, baking mixes, flakes and other specialties. With our own certified & dedicated gluten free production facility, we guarantee 100% gluten free quality products. Trouw processes conventional gluten free ingredients and organic. Trouw is known to be the largest and most specialised processing plant of buckwheat products in Europe. As Trouw B.V. is specialised in the processing of all kinds of gluten free raw materials, we are able to guarantee gluten free deliveries of all our products. Special requests for private label gluten free mixes or flours is one of our specialties. We have very close relationships with our raw material suppliers, who we educated how to handle our goods. After we import directly from the farmers, we store the raw material in our warehouses in The Netherlands. We carefully clean and analyse all batches befo ...",Eastern Europe; Middle East; Western Europe,Manufacturer: Ingredients / Additives,Organic,,"Piekstraat 63 -65, 3071 EL, Rotterdam, Netherlands",,+31 10 486 6332,https://www.trouw-buckwheat.nl,https://www.ingredientsnetwork.com/trouw-b-v-comp305928.html,305928
Better World Naturals,"Founded in 2018, Better World Naturals is a joint venture of MITSUI and Huabao. Mitsui & Co., Ltd. is one of the largest general trading companies in Japan. Huabao Flavours & Fragrances is a leading global manufacturer of flavors, fragrances, and tobacco raw materials. Better World Naturals was created to provide quality botanical ingredients utilizing a trusted and transparent vertically integrated supply system. For decades, global suppliers have sourced their branded ingredients from China. Better World Naturals captured the opportunity to skilled resources of China and bring these natural ingredients directly to you.",,,Other Botanicals,,"Room 307,309,313, 3rd Floor, No. 1299 Yecheng Road,, Jiading District, 201800, Shanghai, China",,02167083360,,https://www.ingredientsnetwork.com/better-world-naturals-comp286751.html,286751
Dr. Behr GmbH,"Founded in 1976 already, Dr. Behr GmbH offers a wide range of raw materials for the fields of dietetics, pharmaceutics and dietary supplement, including amino acids, enzymes, flavonoids, and probiotics. Dr. Behr sets great store by premium quality: we are certified to ISO 22000, Kosher, Halal, and EU Organic Standards. Additionally, independent and certified German laboratories regularly test our products for their compliance with specifications and legally prescribed threshold values. And these high standards we also demand from our partners and suppliers: Dr. Behr assesses the product quality by regular on-site visits and audits. Our highly skilled and dedicated team always strives for continuously expanding our top-class portfolio and partnerships – for our customers to benefit from excellent services and raw materials.",Africa; Asia; Australia; Central/South America; Eastern Europe; Middle East; North America; Western Europe,Raw Material Supplier,Flavonoids,,"Königswinterer Str. 37 a, 53227, Bonn, Germany",,+49 228976396 0,https://www.drbehr.com,https://www.ingredientsnetwork.com/dr-behr-gmbh-comp248871.html,248871
Symrise & Diana Food,"Symrise is a global supplier of fragrances and flavorings, cosmetic active ingredients and raw materials, functional ingredients and product solutions for food production based on natural base materials. Its clients include manufacturers of perfumes, cosmetics, food and beverages, the pharmaceutical industry and producers of nutritional supplements and pet food. With sales of € 3.5 billion in the 2020 fiscal year and a market share of around 10%, Symrise is one of the leading global suppliers. Headquartered in Holzminden, Germany, the Group is represented by more than 100 locations in Europe, Africa, the Middle East, Asia, the United States and Latin America. Symrise works with its clients to develop new ideas and market-ready concepts for products that form an indispensable part of everyday life. Economic success and corporate responsibility are inextricably linked as part of this process. Flavor & Nutrition consists of the two application areas Flavor and Nutrition. Flavor contains the Beverages, Savory and Sweet business units. It ...",Africa; Asia; Australia; Central/South America; Eastern Europe; Middle East; North America; Western Europe,Manufacturer: Ingredients / Additives,Labelling,,"7 allee Ermengarde d'Anjou, 35011, Rennes, France",,+65 66351939,https://www.symrise.com,https://www.ingredientsnetwork.com/symrise-diana-food-comp249744.html,249744
F Gutkind & Co Ltd,"For over a century F Gutkind has supplied a wide range of Gums, Essential Oils, Fruits, Flavours, Colours to industries worldwide. Sourcing direct from the manufacturers and through decades of doing business with these approved suppliers, we have built strong relationships that guarantee reliable qualities and good technical support. Agar Agar, Guar Gum, Xanthan Gum, Carob (Locust Bean) Gum, Carrageenan, CMC, Arabic Gum, and other gums. These products are also known as Gelling Agents, Hydrocolloids, Stabiliser, Thickener, Emulsifiers and they all produce viscosities of different levels. Stocks kept at BRC accredited warehouses in convenient locations for fast delivery. Suppliers are mainly BRC/FSSC22000/HACCP/or ISO Certified. We are constantly updating this list and running special promotions of some of the more popular items, so if you can't find what you are looking for, please do not hesitate to contact us on +44 (0)1865 739 775 or email us at [email protected] .",Asia; Eastern Europe; Middle East; Western Europe,Raw Material Supplier,"Emulsifiers, Stabilisers, Thickeners",,"The Orchard, Wootton Village, , OX1 5HP, Oxford, Oxon, United Kingdom",info@fgutkind.com,+ 44 (0) 1865 739775,https://www.fgutkind.com,https://www.ingredientsnetwork.com/f-gutkind-co-ltd-comp289233.html,289233
Husarich GmbH,"Whether it’s herbs, spices or seeds: Husarich GmbH provides processed products in the agreed quality. We maintain these standards by working with approved raw material suppliers, in-house production facilities and experienced staff. Coarse, fine, ground, shredded or whole? Our factory premises in Hamburg not only produce a wide range of standard products – raw materials can also be processed in accordance with your company requirements. This is performed by our qualified staff, who process each product with care.. This means that all herbs and spices ultimately meet the required quality and the desired specifications. As different as our products are, the quality always remains consistent: allow us to assemble reliable foodstuffs for you from our extensive portfolio – from herbs, spices and seeds to herb and spice mixtures processed exclusively in accordance with customer recipes. We can also provide analysed, dried raw materials for animal feed and sustainably produced organic products. See for yourself just how varied our range is.",Africa; Asia; Australia; Central/South America; Eastern Europe; Middle East; North America; Western Europe,"Contract Manufacturer; Distributor; Food Safety, Quality and Service; Manufacturer: Finished Beverage Products; Manufacturer: Finished Food Products; Manufacturer: Food & Beverage Finished Products; Manufacturer: Ingredients / Additives; Raw Material Supplier",Other Flavourings,,"Peutestrasse 53D, 20539 , Hamburg, Germany",,+49-40-78044-261,https://www.husarich.com,https://www.ingredientsnetwork.com/husarich-gmbh-comp280621.html,280621
"Luoyang Chihon Biotechnology Co., Ltd.","CHIHONBIO is one of the manufacturers and suppliers of natural food ingredients. CHIHONBIO is committed to R&D, manufacturing, technical services of food ingredients. Our mission is: ""To provide healthy products for human beings. To value growth for customers."" Rely on integrity, professional, win-win ideas, we make progress together with our customers. Since CHIHONBIO established in 2000, we have been continuously exploring our service field and providing the natural food preservatives to our customers. The supplying products are including Natamycin, Nisin, Lauryl arginate ethyl (LAE), ε-Polylysine (EPL), etc. Our technical services including cheese, pastry, meat products, sauce products, fermented wine, fruit and vegetable juice, milk and dairy products, canned food, and other product preservation technology solution. With the team spirit of ""Recruiting talents from global to create human health,"" CHIHONBIO has been continuously absorbing outstanding talents to join our team. The company has brought together outstandi ...",Africa; Asia; Australia; Central/South America; Eastern Europe; Middle East; North America; Western Europe,Manufacturer: Ingredients / Additives,Other Preservatives,,"11 Qinling North Road, 450013, Luoyang, Henan, China",,+86 379 6438 2868,https://www.chihonbio.com,https://www.ingredientsnetwork.com/luoyang-chihon-biotechnology-co-ltd-comp285204.html,285204
John Kellys (London) Ltd,"John Kellys (London) Ltd has been a global supplier of raw materials for the Food, Flavour, Cosmetic and Chemical industries for more than 80 years. Our philosophy today is the same as it was 80 years ago – To deliver a quality product at competitive prices, with an emphasis on customer service and reliability. Our expertise also extends to other products including Essential Oils, Aromatic Chemicals, Organics, Flavours & Ingredients, Dyes & Spices plus more. We have very strong, long-term relationships with all our suppliers and have particularly strong links with producers in China, Indonesia, and India. JKL is in the enviable position of trading with Asia for longer than most of our competitors and our suppliers know that payment is always safe, secure, and on time.JKL has an exceptionally strong financial base from which to trade, and, in a difficult economic climate, the company has maintained high stock levels, which has enabled our customers to free up working capital to improve their own cash-flows. We have John Kellys Europe B.V. ...",Africa; Asia; Australia; Central/South America; Eastern Europe; Middle East; North America; Western Europe,Import / Export Services,"Emulsifiers, Stabilisers, Thickeners",,"Unit 2, 1 Beauchamp Court, 10 Victors Way, EN55TZ, London, United Kingdom",,07821 687860,https://www.johnkellys.com,https://www.ingredientsnetwork.com/john-kellys-london-ltd-comp302797.html,302797
Spraycom GmbH,"Hamburg-based firm Willy Benecke has been buying and selling gum acacia for more than 65 years. And has been producing spray-dried gum acacia powder for the past 30 of those. The company is now amongst the leading suppliers on the global market and can be relied upon to have this natural resource available in outstanding quality. In order to be ready for the growing demands placed on the product and rising demand, Willy Benecke has established a subsidiary in the form of SprayCom GmbH, based in the town of Wittenburg near Hamburg. SprayCom is a cutting-edge facility for the production of spray-dried gum acacia powder with an annual capacity of 4,000 tonnes.",,Manufacturer: Ingredients / Additives,Acacia gum,,"Sudring 15, 13293, Wittenburg, Germany",,0049 40 780 444 0,https://www.willy-benecke.com,https://www.ingredientsnetwork.com/spraycom-gmbh-comp302011.html,302011
Herza Schokolade GmbH & Co KG,"HERZA Schokolade GmbH & Co. KG, based in Hamburg, Germany, is one of the leading suppliers of high-quality functional compound and chocolate pieces for use in food products. With a strong emphasis on customised specialties, HERZA translates customer needs and their quest for differentiation into delicious, creative chocolate products. HERZA has also established itself as a manufacturer of high-quality functional bars. As a member of the owner-operated Stern-Wywiol Gruppe, HERZA taps into the collective application know-how of 150 R&D specialists of the 12 sister companies, concentrated in the modern Stern-Technology Center of the group.",Central/South America; Eastern Europe; Middle East; North America; Western Europe,Manufacturer: Finished Food Products,Confectionery,,"Segeberger Chaussee 132, 22850, Norderstedt, Germany",,+49 405001760,https://www.herza.de/en/,https://www.ingredientsnetwork.com/herza-schokolade-gmbh-co-kg-comp251180.html,251180
APIA TUNISIA,"Established in 1982, “Agence de Promotion des Investissements Agricoles” (APIA) is a Tunisian public institution run by the Ministry of Agriculture that was created to promote private investment in the fields of agriculture, fisheries and related services. Based on its dedicated expertise, APIA supports its members in successfully implementing their respective projects. In this context, APIA offers diverse services such as obtaining financial and tax benefits, assisting promoters in the compilation of investment and managerial records, matching Tunisian operators with potential foreign counterparts and the participation in trade fairs and exhibitions in Tunisia and abroad. APIA’s vision is to improve the competitive advantages of the sector and to strengthen the industry’s positive image in the orld market. APIA would very much welcome the opportunity to introduce importers to profitable new trade opportunities with Tunisian suppliers at the Tunisian Country Pavilion.",Africa; Asia; Australia; Central/South America; Eastern Europe; Middle East; North America; Western Europe,Government /Pavilion Organiser /Trade Association,,,"des Investments Agricoles (APIA), 62, Rue Alain Savary, 1003, Tunis Cité El Khadra, Tunisia",,,https://www.apia.com.tn/,https://www.ingredientsnetwork.com/apia-tunisia-comp264361.html,264361
DPB Foods & Flavours,"DPB FOODS & FLAVOURS CA for GIVAUDAN Flavours for western part of India. Apart from Flavours, we deal in food additive & food ingredients for the processed food industry, dairy, beverage, confectionery, bakery as well as pharma. Our wide range of products includes xanthan gum, aspartame, acesulfame-k, Sucralose, Neotame, Stevia, Cocoa Powder, Carrageenan, Pectin, Guar Gum, Fructose etc.. We are engaged in import & supply of food additives, ingredients with respect to specific needs of our customers also. DPB foods & Flavours is committed to such standards, as adherence to these protects the company and business customers. Our goal is to create new possibilities & standing values for our business associates, suppliers, and most important the customers.",Asia,Distributor,Acesulfame-K,,"#507 Exim Link,, Opp Indira Container Yard, Mulund-Goregaon Link Road,, Near Nahur Railway Station West,, 400078, Mumbai, Maharashtra, India",,022- 25628300,https://-,https://www.ingredientsnetwork.com/dpb-foods-flavours-comp269059.html,269059
Vegenat,"VEGENAT S.A. is a leading company in the sale of Air Dried Products obtained through natural processes by using its own, market-leading, innovative technology. Our long-standing experience of over 35 years in the sector enables us to supply high quality food products designed, developed and produced to order to meet customers' most demanding requirements. As a result, we are present in over 40 countries on all 5 continents. VEGENAT's commitment to customer satisfaction has become our hallmark guarantee that builds on stable relationships based on mutual trust and support to provide the best we have, both for our customers and our suppliers. Our core business is the dehydration of White Onion with a stringent control of the raw material from Spain and Portugal and a farm to fork traceability. Our range of AD White Onion is Powder, Granulate, Minced, Gr 1mm, Gr 2mm, Small Chopped, Large Chopped and all of them in Extra Low, Low, Medium and Standard Microbiology. ...",Africa; Asia; Australia; Central/South America; Eastern Europe; Middle East; North America; Western Europe,,Black Pepper,,"Ctra. Badajoz-Montijo Ex.209 km 24, Pueblonuevo del Guadiana, EX-209 Km 24, 06184, Badajoz, Spain",,+34 924 473308,https://www.vegenat.es,https://www.ingredientsnetwork.com/vegenat-comp249907.html,249907
"Topflight Interfoods Co., Ltd.","Topflight Interfoods Co Ltd is one of the leading importer and distributor companies supplying ingredients to the food industry including agricultural products, food ingredients, instant food, frozen food, ready to drink, beverages, meat/seafoods, dairy, bakery and confectionery as well as high service standard. The company works professionally and has a great partnership with many leading suppliers around the world.",Asia,Distributor,Nutrition ingredient mixture,,"20/6 Moo 2, Suwinthawong Rd., Lumpakshe, Nongjok,, 10530, Bangkok, Thailand",,+66 2 1725087,https://www.topflight.co.th,https://www.ingredientsnetwork.com/topflight-interfoods-co-ltd-comp250577.html,250577
Diafood GmbH,"Diafood offers a range of conventional dehydrated vegetable ingredients, but also a very large selection of organic products. All the ingredients are available as flakes, granules, strips, powder or cut to specific shapes. We at Diafood are experts in processing vegetable ingredients and we have been present on the dehydrated vegetable and aromatic plant market for 35 years. The company has specialised more particularly in organic products and mushrooms. Careful selection of certified suppliers and regular supplier audits mean we are able to guarantee products of extremely high quality. Last year, Diafood has joined Colin Ingrédients, which sells a wide range of culinary ingredients and food bases for the food industry. The two firms, Diafood and Colin Ingrédients, complement each other perfectly and their two high-performance industrial facilities in Gunsbach and Mittelhausen in Alsace are now coordinating their production.",Africa; Asia; Australia; Central/South America; Eastern Europe; Middle East; North America; Western Europe,,Other Colours,,"Im Weiher 12, 69121, Heidelberg, Germany",,+49-6221/64210,https://www.diafood.de,https://www.ingredientsnetwork.com/diafood-gmbh-comp248913.html,248913
"ETG (QINGDAO) CO., LTD","ETG is globally recognised as one of the fastest growing integrated agricultural supply chain groups. Our multinational operating entities are strategically located across 40 countries and are responsible inter alia for procurement, warehousing, processing and/or manufacturing of finished goods. ETG connects commodities sourced at farm gate to local economies; local economies to the broader marketplace; and emerging markets to each other and the world. Our North America branch ETG Commodities Inc. is one of the top pulses and specialty crops suppliers in Canada. This has enabled us to source the best peas from North America and produces high quality pea protein through our well-established farm-to-table supply chain system, as well as good understanding on raw materials. We provide customized pea protein ingredients for both food and beverage manufacturers and pet foods and animal feed producers. Our innovative products help to generate maximum nutritional benefits, productivity and probability.",,,Other Pulses,,"Room 1006, Huayin Building, No.5 Donghai West Road, 266000, Qingdao, Shandong, China",,+86 157 2626 8725,,https://www.ingredientsnetwork.com/etg-qingdao-co-ltd-comp285275.html,285275
foodcircle.com | Organic Commodities,"Foodcircle is the leading European B2B platform to source organic ingredients online. We work with all EU approved organic certified suppliers, handle logistics, operations and offer all the documentation easy to download in one click. We offer many products at great prices and terms to small and large manufacturers, repackagers and distributors by going directly to the larger suppliers and aggregating the orders. On foodcircle you can order & receive any sample within 48hrs, browse for different quantity and pricing, request financing options and more. Foodcircle is your trusted partner for purchasing high quality dry organic ingredients such as cocoa & derivatives, superfoods, protein powders, spices, dry fruits, nuts, pulses, and milk derivatives. Visit us at www.foodcircle.com",Eastern Europe; Western Europe,Distributor; Raw Material Supplier,Cocoa,,"Rheinsberger Str. 76/77, 10115, Berlin, Germany",,+4917699510380,https://www.foodcircle.com/magazine,https://www.ingredientsnetwork.com/foodcircle-com-organic-commodities-comp282031.html,282031
"HENAN CAPITAL IMPORT&EXPORT TRADING CO., Ltd.","As a fast-growing and promising ingredient player, we are engaged but not limited in manufcturing and trading Flavors&Fragrances, Pharmaceuticals and Agrochemicals.Driven by the passions for taste, smell and health, we put our commitments and innovation to deliver high-quality ingredients, best solutions and superior services, together with our excellent colleagues, reliable suppliers, and loyal partners worldwide.",Africa; Asia; Australia; Central/South America; Eastern Europe; Middle East; North America; Western Europe,Government /Pavilion Organiser /Trade Association,Dietary supplements,,"Room 2101 Zhengbian Road, YINGXIE Plaza, 450018, Jinshui , China",,+86 371 5598 8028,,https://www.ingredientsnetwork.com/henan-capital-import-export-trading-co-ltd-comp281504.html,281504
Ingrebio,"INGREBIO is expert in organic food ingredients. We support industries in formulation, sourcing, and regulatory purpose for organic foods and food supplements. With our professional media ingrebio.fr, food companies are aware of organic food ingredients news and find organic suppliers. Will also exhibit on this booth the following french suppliers : BONABIO imports organic raw materials and ingredients like exotic fruits, spices, seeds or oils... KERAMIS delivers all kinds of organic ingredients for food industries and artisans. LA PATELIERE offers Fine organic pastry and baking ingredients. BIERCORS proposes unique organic ingredients for beverages and foods",Western Europe,,Functional beverages,,"8 Leneheuc, 35380, Treffendel, France",,+33673002910,https://ingrebio.fr,https://www.ingredientsnetwork.com/ingrebio-comp279242.html,279242
PURECIRCLE,"PureCircle is the leading producer and innovator of great-tasting stevia sweeteners for the global beverage and food industry. At PureCircle, we’ve dedicated our business to producing the best, natural origin, zero-calorie sweetener made from Starleaf stevia plants. PureCircle pioneered a vertically integrated supply chain for the stevia industry to make this vision a reality. Working with partners, customers, and suppliers, we are committed to delivering optimal taste, ensuring consumer acceptance, fostering ingredient advocacy and delivering scaled supply in a responsible, sustainable manner.",,,Other Sweeteners,,"Unit 135 Wharfedale Road, RG41 5RB, IQ Winnersh , United Kingdom",,+44 (0) 1189 485 008,https://PureCircle UK Ltd,https://www.ingredientsnetwork.com/purecircle-comp282725.html,282725
New Lanka Cinnamon Pvt Ltd,"The New Lanka Cinnamon Private Limited (NLC) is a well-established cinnamon & other spices manufacturing, processing and exporting business organization and particularly business has been founded by 1980 in Sri Lanka. NLC has started their operations since 1980 and they collect cinnamon & other spices from the several local suppliers and the company had started their export operations since 2010. Due to high level of commitment by the company, its operations have proved a success providing the best quality cinnamon products & other spices to all over the world.",Australia; Central/South America; North America,Manufacturer: Ingredients / Additives,Other Spices,,"No.260/1, Weralu Anduwawa, Maha Edanda, 80360, Karandeniya, Sri Lanka",,,https://www.newlankacinnamon.lk,https://www.ingredientsnetwork.com/new-lanka-cinnamon-pvt-ltd-comp285222.html,285222
Twente Foods BV,"Twente Foods has been an international trade office and producer of dairy products for the food industry in the Benelux since 2000. Our suppliers are all IFS and or BRC certified and meet the highest quality standards. In addition, we produce, in cooperation with Globemilk, different types of varieties of cream in all kinds of packaging variants for the industrial processor. These packaging innovations improve your production processes.",Eastern Europe; Middle East; Western Europe,,Plant-based foods,,"Glavanistraat 16, 3861 NJ, Nijkerk, Netherlands",,+31 (0) 53 536 3005,https://www.tweentefoods.com,https://www.ingredientsnetwork.com/twente-foods-bv-comp268434.html,268434
SIDDHIVINAYAK AGRO PRODUCTS,"Dehydrated White , Red , & pink Onion , Dehydrated Garlic , Dehydrated Vegetables & Spices . We will provided you our all products in good quality & As per EU standard & competitive other suppliers. We feel proud to inform you that we have modernized our machines and quality control equipment's such as magnetic and non-magnetic metallic as well as miscellaneous impurities removing machines. You are welcome to send us your requirement for any of our products. On receipt of your specific inquiry, we will send you our offer/samples if needed. Also, this is full season of onion-garlic and hence your inquiry in dehydrated onion White, Red or Pink in any form whether kibbled, minced, powder will be promptly attended. For more details regarding ...",Africa; Asia; Australia; Central/South America; Eastern Europe; Middle East; North America; Western Europe,Manufacturer: Ingredients / Additives,Dietary supplements,,"Victor Bypass Road, 364290, Mahuva, Gujarat, India",,,https://www.sapworld.in,https://www.ingredientsnetwork.com/siddhivinayak-agro-products-comp284370.html,284370
"WEIFANG BESHINE INTERNATIONAL TRADE CO., LTD.","Weifang Beshine has nearly 15 years of rich experience in the fields of food additives, feed additives, chemicals, human and animal nutrition, etc. We're good at market research to choose the best suppliers and we have been in strategic cooperation with world-renowned distributors and international terminals, committed to common development with partners.Products: Citric Acid, Potassium Sorbate, Sodium Benzoate, Ascorbic Acid, Amino Acid and Fumaric Acid, etc.",Africa; Asia; Central/South America; Eastern Europe; Western Europe,"Distributor; Food Safety, Quality and Service",Dietary supplements,,"ROOM 1901,BUILDING 4,CHANGLE WORLD MALL, NO.421 LIMIN ROAD, 0, WEIFANG CITY, CHANGLE, SHANDONG, China",,+86 536 573 9961,,https://www.ingredientsnetwork.com/weifang-beshine-international-trade-co-ltd-comp285102.html,285102
"SINPHAR TIAN-LI PHARMACEUTICAL CO.,LTD(HANG ZHOU)","SinpharTian-Li (Hangzhou) Pharm. Co., Ltd. is a certified pharmaceutical GMP, ISO 14001 and GMP botanical extraction factory, a subsidiary of Taiwan public listing company Sinphar Pharmaceuticals, established in 2001 located in Hangzhou China. Products include unique, innovative, patented and with science based phytonutrients, protein related nutrients and healthy plant oil. Other products also include TCM, API and pharmaceuticals。With 13 acres factory space, working capital USD 44 million and 170 employees, we are one of the most innovative and competitive botanical materials suppliers in the world.Sinphar TianLi owned several organic farms in Xin Jiang and Yu Nan province. With GAP and organic certified, we aim to provide premium materials for safety, efficacy and best customer services.",,,Other Botanicals,,"浙江杭州市余杭经济开发区红丰路599号, Yuhang Economic Development Zone, 311100, Hangzhou, Zhejiang, China",,86168980转8922,,https://www.ingredientsnetwork.com/sinphar-tian-li-pharmaceutical-co-ltdhang-zhou-comp277443.html,277443
NICROM QUIMICA,"Founded in 1978, in Sao Paolo, our main activities are: Import, Distribution, Marketing and Chemicals Logistics that meet various market segments. The Company's line of business includes the wholesale distribution of chemicals and allied products. Nicrom has committed to increase the portfolio of its products for the food industry. In addition to being a disciplined company with flexibility and agility in the negotiation and the competitive price, we offer a special service, which puts us in an outstanding position among the distributors of raw materials for the segment. Thus, we have achieved our place in the market and the trust of our customers and suppliers. Today we have the ISO 9001: 2008 and the certificate PRODIR - Responsible Distribution Process, certain that the search for quality, safety, respect for the environment and the human being are paramount in our business. New challenges are ahead. New projects are being implemented, which ensure sure to continue in growing and upgrading to serve our customers better.",Africa; Asia; Australia; Central/South America; Eastern Europe; Middle East; North America; Western Europe,Distributor,,,"166 Alameda Alameda AFRICA, 166, Tambore, 6543306, SANTANA DE PARNAIBA, TAMBORE, Brazil",,19 38387575,https://www.nicromquimica.com.br,https://www.ingredientsnetwork.com/nicrom-quimica-comp249518.html,249518
Mihama India Pvt. Ltd.,"A 100 years old Japanese trading company actively involve in import & local suppliers of Food Nutraceuticals, Pharma Excipients and related chemicals all over India.",,,Nutricosmetics,,"Gala No.1, Building No. D-8,, Parasnath Complex,, Ovali Village, Bhiwandi,, 421302, Thane, India",,0120- 4147329,https://www.mihamaindia.com,https://www.ingredientsnetwork.com/mihama-india-pvt-ltd-comp282330.html,282330
"Gansu Kinbo Industry Co., Ltd.","GANSU KINBO INDUSTRY CO., LTD is specialized in citric acid.we are the top ten biggest suppliers in whole China.Besides,we are a global provider of food and beverage additives. We have been exported widely to more than 5 0 countries and regions in the world. Our strong items are Citric Acid,Ascorbic Acid,Calcium Phosphate,Mono-sodium Glutamate,Ammonium Bicarbonate,Sodium Bicarbonate,Sodium Metabisulfite,Calcium Propionate,Potassium Sorbate,Sodium Benzoate,Acesulfame Potassium,Dextrose,Sodium Cyclamate,Sodium Saccharin,CMC,Gelatin,Xanthan Gum and so on.We will offer competitive prices and most professional service to all our clients worldwide.",Africa; Asia; Central/South America; Eastern Europe; Middle East; North America; Western Europe,Distributor; Manufacturer: Ingredients / Additives,Other Antioxidants,,"No.003, 11th Fl., Unit 1, Keelung Building, No.8, Yanshou Lane,, Zhangye Road, Chengguan District, Lanzhou City,, Yanshou Lane, Lanzhou, China, 730030, Gansu, China",,8478408,,https://www.ingredientsnetwork.com/gansu-kinbo-industry-co-ltd-comp282703.html,282703
J. K. Chemical,"JK Chemical has the largest, most innovative portfolio of taste and nutrition system, functional ingredients and actives for the global food, beverages and pharma markets. Since 1998 : We have our establishment since 1998 and we are one of the leading suppliers to food industries for the last 14 years Product Range : We are one stop solution for the SMEs who step in to the industries of bakery and other food industries. We market a wide range of products and are one of the most trusted names in Eastern India. Research & Developments : We have in-house dedicated team of R&D to develop and innovate new range of raw, starting from Lozenge, Biscuits, Cakes, Cookies, Rusks, Khari, Puffcorns, Rings, Juice, Chanachur, Beverages to variety of Indian ethnic namkeens",Asia; Middle East; Western Europe,"Distributor; Food Safety, Quality and Service; Raw Material Supplier",Encapsulating,,"#36, 2nd Floor,, Maharshi Debendra Road,, 700006, Kolkata, India",,9903307414,https://www.jkchemicalindia.com,https://www.ingredientsnetwork.com/j-k-chemical-comp282326.html,282326
"Brenntag Vietnam Co., Ltd","Brenntag, the global market leader in chemical distribution, covers with its extensive product and service portfolio all major markets. The company supports its customers and suppliers with tailor-made distribution solutions for industrial and specialty chemicals. With over 10,000 products and a world-class supplier base, Brenntag offers one-stop-shop solutions to more than 170,000 customers. Long-standing experience and local excellence in the individual countries characterize the global market leader for chemical distribution. Quick facts Sales markets Asia; Australia Primary business activity Distributor",Asia; Australia,Distributor,,,"202 Hoang Van Thu, Ward 9, Phu Nhuan District, Phu Nhuan District,, ho Chi Min, Vietnam",,4555,https://www.brenntag.com,https://www.ingredientsnetwork.com/brenntag-vietnam-co-ltd-comp249952.html,249952
Anabela Foods,"ANABELA FOODS represents producers of natural raw materials for the food industry and acts as their local sales office. We are the liaison between producer and importer. We establish contacts with suppliers - also in exotic and unusual countries - with passion and commitment. In over 20 years of experience, we have created reliable and crisis-resistant ties in the raw food commodities sector. Take advantage of our experience and our connections. Profit from our expertise on the challenging markets for rice, oils, oilseeds, coconut products, dried fruits and nut kernels. All products originate from companies that exclusively cooperate with us. We place major view on quality and social compliance and therefore make personal, regular and on-site visits to all production facilities. Long-standing and ongoing relationships with our national and international partners are the distinctive mark of ANABELA FOODS. They are the best prerequisite for highest quality!",Africa; Asia; Australia; Central/South America; Eastern Europe; Middle East; North America; Western Europe,,Coconuts,,"Meiendorfer Strasse 174, 22145, Hamburg, Germany",,+49 40 644 22 733,https://www.anabelafoods.de,https://www.ingredientsnetwork.com/anabela-foods-comp255053.html,255053
Wei Teh Flavour & Fragrance Biotechnology Corp.,"WEI TEH FLAVOUR & FRAGRANCE BIOTECHNOLOGY CORP., located in Changhwa County, Taiwan, was established in 1972. For years, Wei Teh has become one of the most outstanding flavors and fragrances suppliers in the Asia Pacific Area.",,,Other Flavourings,,"No. 95, Sector 3, , Zhongshan Road,, Dacun Township,, 51542, Changhua, Taiwan",,+886 4 853 7171,https://www.weiteh.com.tw,https://www.ingredientsnetwork.com/wei-teh-flavour-fragrance-biotechnology-corp-comp269106.html,269106
HS Food Additives,"Established in 1990, HS Food Additives (Guangdong Huasheng Food Chemicals Co Ltd) is a professional company in the field of importing and marketing food raw materials, ingredients, additives, flavors and fragrances etc. With over 27 years effort in the food industry, our company has been one of the leading powerful suppliers in China with good reputation. We have established stable cooperation relationship with many famous brands of food chemicals, and supplied stable, convenient and efficient services for worldwide customers",Asia,Distributor,Other Additives,,"Left side of the Post office,, Anbu Town, Chaoshan Highway, 515638, Chaozhou, Guandong, China",,+867686669333,,https://www.ingredientsnetwork.com/hs-food-additives-comp266935.html,266935
Scheidegger Trading Co. Inc,"Scheidegger Trading Co., Inc. represents three generations of Scheidegger entrepreneurial history. We are a full-service export management company that specializes in matching U.S. based sellers with overseas buyers that are active in the food and beverage industry. We offer our customers and suppliers a wealth of experience gained in over 80 years of international trade. At Scheidegger Trading Co., Inc. we build brands and markets worldwide. We offer overseas customers services that range from sourcing new products, private label development and consolidation to access to U.S. government promotional funds and selected financing. To our suppliers we offer a network of established and reputable importers and distributors who successfully distribute and market a wide range of products.",Africa; Asia; Australia; Central/South America; Eastern Europe; Middle East; North America; Western Europe,"Food Safety, Quality and Service",Beverages / Juices,,"351 California Street, 94104 , San Francisco, California, United States",,+1 360 693 3379,https://www.stcsf.com,https://www.ingredientsnetwork.com/scheidegger-trading-co-inc-comp256419.html,256419
KD Pharma Group,"KD Nutra, as part of the KD Pharma Group, has become one of the world’s largest Omega-3 and fish oil refiners and suppliers. As a fully vertically integrated company, KD Nutra offers the most comprehensive range of Omega-3 technologies and products, providing turnkey custom-crafted Omega-3 solutions. The company’s distinguished portfolio includes premium bulk oils, finished capsules, and liquids. The KD Pharma Group provides Omega-3 APIs and concentrates to both the pharmaceutical and nutraceutical industries, featuring concentrates up to 99% in purity. KD Nutra and KD Pharma have achieved industry leadership through a singular focus on Omega-3 research and technology.",Asia; Australia; Eastern Europe; Middle East; North America; Western Europe,Contract Manufacturer; Manufacturer: Ingredients / Additives,Nutricosmetics,,"794 Sunrise Blv., 18343, Mount Bethel PA, United States",,15702606900,https://www.kdpharmagroup.com,https://www.ingredientsnetwork.com/kd-pharma-group-comp271744.html,271744
Doehler India Pvt Ltd,"Doehler is one of the world's leading producers, marketers and suppliers of natural ingredients, ingredient systems and integrated solutions for the food and beverage industry. Using nature and innovative technologies as our starting point, we always go one step further to create real added value for customers and consumers. We pave the way for turning smart ideas into amazing products. Using our in-house expertise and quality ingredients - flavours, colours, emulsions, fruit juice concentrates, syrups, crushes, sauces and fruit purees",Africa; Asia; Australia; Central/South America; Eastern Europe; Middle East; North America; Western Europe,,Sauces & Seasonings,,"3/285 Raisoni industrial Park,, Hinjewadi, 411057, Pune, Maharashtra, India",,020-66744604,https://www.doehler.com,https://www.ingredientsnetwork.com/doehler-india-pvt-ltd-comp269058.html,269058
IPS-Ingredis,"IPS-INGREDIS - Your Trusted Partner for Globally Sourced Ingredients IPS-INGREDIS is your trusted partner in sourcing & supplying quality ingredients, concentrates, additives and flavors worldwide. The company has built a solid reputation on mutual partnerships between global customers and suppliers, with up to 16 years of industry expertise (and growing) in Food, Beverage, Bakery, Confectionery and Cosmetics divisions. With an expanding global footprint, multicultural business competencies and strategic approach; IPS-INGREDIS has successfully partnered with more than 200 suppliers worldwide, and serves customers in diverse industries with added value to their operations through: competitive prices, multiple product sources & origins, as well as superior product quality to meet their tailored requirements. Our comprehensive portfolio of products is supported by a dedicated team of international trading experts, who possess extensive knowledge of the products and countries where we source from, and ...",Africa; Asia; Middle East; Western Europe,Distributor; Raw Material Supplier,Lecithins,,"Dubai Airport Free Zone,, 4WA, Office #219, P.O. Box 54337,, 54337, Dubai, United Arab Emirates",,+97142115300,https://www.ipsingredis.com,https://www.ingredientsnetwork.com/ips-ingredis-comp267985.html,267985
Ecil,"ECIL is a trading company that for 62 years has had a solid commercial exchange between Brazil and many countries all over the world, mainly in the food sector. All the experience acquired throughout 62 years in the import and export market, provides agility and flexibility in relation to the solutions offered by ECIL to its clients. But, besides that, the company differentiates itself by: focus on service, through personalized servicing and a reliable relationships with each and every one of its clients and suppliers. Thanks to that experience, allied to the special attention in the provision of services, ECIL counts today on a vast and solid network of contacts in Brazil and in many countries around the world, allowing for excellent results in all the projects in the agribusiness and food areas. In addition, to ensure the success of its operations, ECIL undertakes a follow-up of all the process, from the supplier to the final destination, both in the import and in the export sectors.",Africa; Asia; Australia; Central/South America; Eastern Europe; Middle East; North America; Western Europe,,Other Sweeteners,,"1205 Francisco Reis, 88311-710, Vila Olímpia, Cordeiros, Brazil",,+55 11 3202 6363,https://www.br-ecil.com/ingredientes,https://www.ingredientsnetwork.com/ecil-comp255064.html,255064
"Sele Ingredients, PT","PT Sele Ingredients is a dynamic company that belongs to the larger Sele Group of companies who has more than 40 years existence in the agriculture, mining, oil & gas and energy businesses. PT Sele Ingredients thrives to be a key player in the ingredients business that will serve the F&B, pharmaceutical, personal care and general industries. We represent various overseas suppliers and principals to cater to the local industries. Our objective is to be a local company with an international standard. A dynamic and modern company investing in the latest logistic system backed by years of industry's knowledge.",Asia,Distributor,Nutricosmetics,,"Golden Boulevard E -18,, Jl. Pahlawan Seribu, BSD City,, Tabet Barat/ Tebet, 15322, Tangerang Selatan, Indonesia",,+62 2153160828,https://www.sele-ingredients.co.id,https://www.ingredientsnetwork.com/sele-ingredients-pt-comp254982.html,254982
DOREMUS,"Established in 1985, Doremus Alimentos Ltda. is a Brazilian company that started its activities with the import and processing of Natural Casings for meatpacking companies. With the aim of diversifying its activities and providing a more comprehensive service to its customers, a new industrial plant was built in 1993. Planned in such a way as to meet the strictest norms of food safety and hygiene and using state-of-the-art process technology, this plant enabled Doremus to manufacture additives, seasonings and colorings, with capacity to serve the country’s largest meat packers. Over the years, the company continued to follow its strategic planning, expanding its areas of operation and product portfolio and always focusing on the search for intelligent solutions and the manufacture of quality products. Today, Doremus is one of Brazil’s main suppliers of Additives, Seasonings, Ingredients, Colorings and Natural Casings, serving various segments of the food industry.",Africa; Asia; Australia; Central/South America; Eastern Europe; Middle East; North America; Western Europe,,Other Additives,,"32/42 Rua R SANTA MARIA DO PARA, 32/42, Bonsucesso, 07.175-400, GUARULHOS, BONSUCESSO, Brazil",,11 24363333,https://www.doremus.com.br,https://www.ingredientsnetwork.com/doremus-comp249405.html,249405
Food Export USA,"Food Export Association of the Midwest USA (Food Export-Midwest) and Food Export USA-Northeast (Food Export-Northeast) are non-profit organizations composed of 13 Midwestern and 10 Northeastern state agricultural promotion agencies that provide U.S. companies with the programs and services needed to export and sell their products internationally.Food Export-Midwest and Food Export-Northeast offer a variety of services to help you discover U.S. products and meet face-to-face with Midwest and Northeast companies. For example, we can pre-arrange meetings with qualified U.S. suppliers at a trade show in your country, you could participate in a Buyers Mission that bring importers and distributors to the U.S. to meet with prospective U.S. suppliers or receive reimbursement for promoting U.S. products and more.",Asia; Australia; Central/South America; Eastern Europe; Middle East; North America; Western Europe,Government /Pavilion Organiser /Trade Association,Beta-glucans,,"Alameda Lorena, 800, Cj. 1803, Jardim Paulista, 01424001, Sao Paulo, SP, Brazil",,+55(11)2528-6269,https://www.foodexportusa.com,https://www.ingredientsnetwork.com/food-export-usa-comp272177.html,272177
BK Nutri Network,"Vitalstoffe is the first magazine in the German language that aims for a comprehensive coverage of food supplements. Studies on active substances and raw materials will be in the foreground. There will be reports on applications for various target groups and various dosage forms, like liquids, capsules, powders, etc. The magazine reports on production and mixtures of substances and their effect for human health. Science-based information will clarify mechanisms of functions, over and above the Health Claims regulations. Readers are suppliers of supplements, contract manufacturers, marketing companies, nutritionists, managers of major pharmacies and drugstores. The magazine will be published four times per year by BK nutri network.",Africa; Asia; Australia; Central/South America; Eastern Europe; Middle East; North America; Western Europe,Press & Publishing,Dietary supplements,,"Altenfurter Str. 61, 90475, Nürnberg, Germany",,+49 911 81 58 493,https://www.nutri-network.com,https://www.ingredientsnetwork.com/bk-nutri-network-comp268438.html,268438
Taj Food (Pvt) Ltd,"Taj Food (Pvt) Ltd was established in 1993, now grown into a quality oriented producer and supplier of organic rice, dried fruits, and sesame seeds. With being the largest organic suppliers from Pakistan, Taj Food has incorporated stringent standards across the supply chain while maintaining the highest quality of grains, fruits, and seeds. We offer a variety of Organic rice - Long Grain - Basmati Grain - Round Grain - Medium Grain - Red Grain Our wide range of Organic dry fruits consists of: Sultana Raisins - Thompson Raisins - Apricot Kernels - Apricot Pitted - Dates Pitted - Dates Chopped We also produce Organic Sesame Seeds - Natural & Hulled For more information, please contact us at [email protected] .",Africa; Asia; Australia; Central/South America; Eastern Europe; Middle East; North America; Western Europe,Raw Material Supplier,Apricots,,"Khali Bypass Sheikhupura Road, 52250, Gujranwala, Pakistan",info@tajfoodpk.com,+92 534283026,https://www.tajfoodpk.com,https://www.ingredientsnetwork.com/taj-food-pvt-ltd-comp263123.html,263123
"Watson, Inc.","Watson, Inc. specializes in supplying custom nutrient premixes and ingredients for the food industry. Watson is one of the highest quality suppliers of products and services geared towards enhancing human health and nutrition around the world. We are a leader in developing quality products and ingredient systems for the food, supplement and pharmaceutical industries. Expertise in microencapsulation, agglomeration, micronizing, spray drying and film technology allow us to develop unique formulations and products using Watson manufactured value-added ingredients.",Australia; Central/South America; Eastern Europe; North America; Western Europe,Contract Manufacturer,Consulting,,"301 Heffernan Drive, 06516, West Haven, CT, United States",,203-932-3000,https://www.watson-inc.com,https://www.ingredientsnetwork.com/watson-inc-comp254302.html,254302
Lyovit,"LYOVIT is the biggest producer of freeze - dried products in Poland. Since 1992 we create and continuously develop quality of our products. Our mission is to preserve carefully selected food ingredients with the help of modern technology to give our clients the highest quality products which maintain all the nutrition content, original shap, texture, color, aroma and taste. Our company focuses on long term and effective cooperation, provides a stable development opportunities for our cooperators, both suppliers and customers. We will support you with appropriate technological knowledge, fast responsive service and samples. Our professional team is prepared to guide you around of freeze-drying process and it`s products.",Asia; Australia; Central/South America; North America; Western Europe,"Contract Manufacturer; Food Safety, Quality and Service; Raw Material Supplier",Nutrition ingredient mixture,,"ul.Glowackiego 34 A, 26-021, Daleszyce, Poland",,606628526,https://www.lyovit.com.pl,https://www.ingredientsnetwork.com/lyovit-comp268455.html,268455
SLI Chemicals GmbH,"SLI Chemicals GmbH is a well-established sales and distribution company - your reliable partner in the market for more than 20 years. Our portfolio comprises amino acids, hydrocolloids, natural products, phosphates, vitamins and specialities. We are looking forward to having long-term business relationships with our customers as well as with our suppliers.",Eastern Europe; Western Europe,Distributor,Sodium phosphate,,"Insterburger Strasse 7, 60487, Frankfurt am Main, Germany",,+49 (0)69 747428-0,https://www.slichemicals.com,https://www.ingredientsnetwork.com/sli-chemicals-gmbh-comp268008.html,268008
Arctos Creme Sp.z o.o.,"We are one of the largest producers and suppliers of fondant (water-based pomade), which we supply mainly to clients within the bakery and confectionery sectors. As ArctosCreme, we make it our goal to deliver the highest quality products at the best possible price. We do strive to be the best. We do want to be proud of the results. We do wish to be our clients’ first and most obvious choice. Our product portfolio includes a wide variety of popular fondant types, but we also offer tailor-made recipes and private label packaging.",Africa; Asia; Australia; Central/South America; Eastern Europe; Middle East; North America; Western Europe,,Powders,,"Skladowa 1, Koninko, 62023, Gadki, Poland",,+48 881934462,https://www.arctoscreme.com,https://www.ingredientsnetwork.com/arctos-creme-sp-z-o-o-comp251026.html,251026
Brutarul-Cofetarul and Gastromedia,"Boro Info is a B2B exhibiton organizer and magazine editor. BRUTARUL-COFETARUL is the magazine of the Romanian bakers, confectioners, millers and pastry-chefs supporting trends and traditions in the field by establishing the connection of specialists on the market with suppliers of ingredients, machines, equipment, tools, decorations and dedicated solutions. GASTROMEDIA magazine is the main source of information of the decision makers and personnel working in the Romanian food service industry, supporting the trends and traditions in the field",Eastern Europe,Press & Publishing,,,"Strada Izvorului 13/A, 535600, Odorheiu Secuiesc, Romania",,40733313042,https://www.boroinfo.ro,https://www.ingredientsnetwork.com/brutarul-cofetarul-and-gastromedia-comp268992.html,268992
Itaste Food Ningbo Ltd,"Established in 1987, ITASTE is known as a reliable supplier in the food ingredient field with top quality and professional service. Dedicated to becoming one of main suppliers in the global food ingredients market, ITASTE has been focusing on the application of the natural & synthetic food ingredient series as well as the strict quality control for 27 years. Our product range includes:- Natural Food Ingredients: Air Dried Products Freeze Dried Products Peanuts Food Additives Antioxidants & Preservatives Phosphates Thickeners Amino Acids Nutritional Supplements Vitamins",Africa; Asia; Australia; Central/South America; Eastern Europe; Middle East; North America; Western Europe,Distributor,Prepared foods,,"21 Jiangxia Street, 315000, Ningbo, Zhejiang, China",,+86 574 87260161,https://www.itaste.cn/contact%20us,https://www.ingredientsnetwork.com/itaste-food-ningbo-ltd-comp267930.html,267930
KD Pharma Group,"Defined by you. Delivered by us™. KD Nutra® is a technology-driven CDMO with leading expertise in ultra-potent marine-based and vegan-based Omega-3 nutritional lipids. As part of the KD Pharma Group, KD Nutra® has become one of the world’s largest Omega-3 and fish oil refiners and suppliers. KD Nutra® is a CDMO fully vertically integrated company that offers the most comprehensive range of Omega-3 technologies and products, providing Omega-3 turnkey solutions - both from fish and vegan oil - such as bulk oil , finished capsules and liquids . We have developed a world-class production and manufacturing infrastructure that provides one-stop, full-service product manufacturing (from raw material sourcing to finished product packaging). Our processing systems can manufacture any desired combination of concentration level ( up to 99% ) and Omega-3 ratio ( EPA , DHA , DPA ). KD Nutra® have achieved industry leadership through a singular focus on Omega-3 research ...",Asia; Central/South America; Eastern Europe; Middle East; North America; Western Europe,Contract Manufacturer,Capsules,,"Via Campagna 30, Bioggio, Switzerland",,00 15702606900,,https://www.ingredientsnetwork.com/kd-pharma-group-comp295100.html,295100
Pt.Natural Java Spice,"Our product range includes best quality nutmegs, mace, cloves, cassia, turmeric, Indonesian black and white pepper, long pepper, cubeb and vanilla, available in different quality calibrations or milled in all particle size requests. We can provide competitive prices and a constant product quality due to our management system and strong partnerships with the local suppliers and farmers from Indonesia.",Africa; Asia; Australia; Central/South America; Eastern Europe; Middle East; North America; Western Europe,Distributor,Vanilla,,"Raya Bumi Maspion 1, Kav 5, No.14 Romokalisari, 60192, Surabaya, Indonesia",,+62 31 99 00 61 99,https://www.naturaljavaspice.com,https://www.ingredientsnetwork.com/pt-natural-java-spice-comp269338.html,269338
Aromatic Flavours & Fragrances,"Established in 1969, Aromatic Flavours and Fragrances, has grown to become one of the leading independent flavour and fragrances suppliers. This has been achieved by understanding the needs and expectations of our customers and by being at the forefront of new technologies.",Africa; Asia; Australia; Central/South America; Eastern Europe; Middle East; North America; Western Europe,,Other Flavourings,,"Aromatic building, New Manshia Moharem Bek, Kabary Highway, 21519, Alexandria, Egypt",,+2 03 3604505 Ext:120,https://www.af-f.com,https://www.ingredientsnetwork.com/aromatic-flavours-fragrances-comp252069.html,252069
PT Phytochemindo Reksa,"Phytochemindo Reksa is one of the leading manufacturers and suppliers of herbal plant extracts from Indonesia. The company provides services to meet the needs of pharmaceuticals, food and beverage, and cosmetics industries since 1977. They also provides toll manufacturing, formulation and registration services for the national and international market. The company is halal certified and the facilities apply high quality standards in all aspects of operations from raw materials, processing, packaging and storage. Phytochemindo Reksa shares a vision of modernizing the traditional Indonesian herbal remedies by using of cutting-edge scientific techniques and research. Through their efforts, they developed numerous herbal medications while maintaining their tradition of dedication to research and manufacturing with the highest standards of quality. Additionally, to the herbal extracts, they complement their product portfolio by producing plant powders, and essential oils.",Eastern Europe; North America; Western Europe,Manufacturer: Ingredients / Additives,Plant-based foods,,"Ji Mercedes Benz No. 105, Cicadas Gunung Purti, 16964, Bogar, INDONESIA (ID), Indonesia",,+ 62 822 1014 0011,https://www.phytochemindo.com,https://www.ingredientsnetwork.com/pt-phytochemindo-reksa-comp302006.html,302006
Colorganics,"Colorganics develops natural color solutions for food and beverage industry applications that contribute to a healthier consumption. In our experience, of over 10 years, we have delivered natural dyes from turmeric, annatto, chlorophyll, anthocyanins, carmine, and blends for: bakery, chocolate, dairy and meat products. We are committed to create added value to our customers, through: • Integral advice to improve the color profile, stability, solubility, dose-price relation and regulatory compliance. • Guaranteed sustainable supply of Annato, turmeric through inclusive models with Colombian rural communities. In addition, we have networks of international suppliers integrated for the supply of active ingredients. • Portfolio of products (liquid or powder) standardized and validated in: crackers, wafers, stuffing, bakery, fine meat pasta, ham, chorizo, yogurt, dairy drinks, gouda cheese, petit-Suisse, white chocolate, fondant, among others. • Co-development of new solutions that solve challenges of color profiles, performance, nutritional contrib ...",Central/South America; North America; Western Europe,Distributor; Raw Material Supplier,Other Colours,,"Carrera 50 # 96 A Sur - 280, Bodega 05 Sector Industrial Sierra Morena, 055468, La Estrella, Antioquia, Colombia",,+57 4 4442252,https://www.colorganics.co,https://www.ingredientsnetwork.com/colorganics-comp269377.html,269377
SUCRE+,"Sucre + imports and distributes sugars. The company is specialized in the commercialization, the making, the sieving, the crushing and the packing of various types of sugars. We offer a large range of sugars made from sugar canes and beets as well as specialized sugars such as calibrated sugars, icing sugars, pearl sugars… We have also a range of organic varieties and of organic and fair-trade sugars. As we are experienced in the import of sugars from third-countries, we have developed a strong partnership with our sugar refineries in third countries pays-tiers. We pay close attention to the evolution of working conditions for stakeholders in the supply chain. As part of our sustainable development policy, we prioritize responsible sourcing and evaluate our suppliers based on their CSR (Corporate Social Responsibility) practices. We do our best to deliver all the types of sugars made in Europe, so we are also able to bring specific solutions to our clients. Moreover, thanks to our investment in a sieving tower , we can provide our c ...",Western Europe,Distributor,Sustainable,,"18 Chem. d'Auguste,, 33610, CESTAS, France",,+33 5 56 80 025,https://sucre.plus/,https://www.ingredientsnetwork.com/sucre-comp267900.html,267900
Rettenmaier India Pvt. Ltd.,"Rettenmaier India Pvt. Ltd. was incorporated in the year 2009 and is a subsidiary of J. RETTENMAIER & SÖHNE GMBH+CO KG which is a family owned organization established in the year 1878 by Mr. Jakob Rettenmaier located at Rosenberg, Germany. J. Rettenmaier & Sohne Gmbh Co+KG are manufacturers and suppliers of natural Insoluble Dietary Fibers under the brand VITACEL ® ; and Functional celluloses under the brand VIVAPUR ® . Our products are manufactured at 19 production sites spread across Europe, USA & Mexico. We also have 38 sales organizations worldwide, which are ‘always on site’. VITACEL® Dietary Fiber offers high physiological nutritional advantages, excellent sensory properties, specific functional advantages, value for money and assurance of consistent quality control. Due to their excellent, type-specific properties as well as the diverse applications in practically all areas of the food industry, VITACEL® products have revolutionized the insoluble dietary fiber market. These modern dietary fibers are ...",Africa; Asia; Australia; Central/South America; Eastern Europe; Middle East; North America; Western Europe,Manufacturer: Ingredients / Additives,Fat replacer,,"B/816, Lodha Supremus II,, Road No. 22,, Wagle Estate,, 400604, Thane (W), India",,022- 40243821,https://www.jrs.de,https://www.ingredientsnetwork.com/rettenmaier-india-pvt-ltd-comp281307.html,281307
County Milk Products Ltd,"We’re a proud, family run, business and also the largest privately-owned Dairy Ingredient manufacturer in the UK. Our unique combination of a strong family heritage and consistent growth has helped County Milk Products develop into one of Europe’s leading suppliers of dairy ingredients to the food manufacturing industry. County Milk Products have invested in processing capacity over recent years to widen the service we provide to our clients. This has ensured that our Manufacturing operations are constantly evolving to become a leading vertically integrated solutions provider in UK Dairy Ingredients. Our facilities and partners consist of the following: County Food Ingredients - CFI can supply AMF, butter oil and ghee in a wide range of formats and quantities. These include retail-ready cans, boxes and even bulk tankers. No matter what ...",Africa; Asia; Middle East; Western Europe,"Food Safety, Quality and Service; Manufacturer: Finished Food Products; Manufacturer: Food & Beverage Finished Products; Manufacturer: Ingredients / Additives; Raw Material Supplier",Functional powders,,"Dean Court, 85 Adlington Road, SK9 2BT, Wilmslow, Cheshire, United Kingdom",,+44 (0)1625 586177,,https://www.ingredientsnetwork.com/county-milk-products-ltd-comp282030.html,282030
